population,area,province,id,name,address,cap,mun_id,municipality,grade,email,pec,website,type,school_type,geometry
8792,Nord Est,Trento,TNEE84802V,Ala - Serravalle,"Via Luigi Negrelli, 10",38060,A116,Ala,Scuola Primaria,,,www.istitutocomprensivoala.it,Statale,Normale,POINT (11.01434050748773 45.8114198111741)
8792,Nord Est,Trento,TNEE84801T,"Ala ""Abramo Betta""","Via Abramo Betta, 9",38061,A116,Ala,Scuola Primaria,,,www.istitutocomprensivoala.it,Statale,Normale,POINT (11.001746922897041 45.75662835547)
8792,Nord Est,Trento,TNIC84800Q,"""Ala""","Via Don Anzelini, 2",38061,A116,Ala,Istituto Comprensivo,segr.ic.ala@scuole.provincia.tn.it,ic.ala@pec.provincia.tn.it,,Statale,Normale,POINT (11.00148998713189 45.770709982966395)
8792,Nord Est,Trento,TNMM84801R,"Ala ""Cesare Battisti""","Via Don Anzelini, 2",38061,A116,Ala,Scuola Primo Grado,,,www.istitutocomprensivoala.it,Statale,Normale,POINT (11.00148998713189 45.770709982966395)
1500,Nord Est,Trento,TNMM817026,Albiano,"Via Manzoni, 10",38041,A158,Albiano,Scuola Primo Grado,,,http://iccivezzano.infovals.eu,Statale,Normale,POINT (11.194745159234175 46.141531586828826)
1500,Nord Est,Trento,TNEE817049,Albiano,"Via Alessandro Manzoni, 10",38041,A158,Albiano,Scuola Primaria,,,http://iccivezzano.infovals.eu,Statale,Normale,POINT (11.194745159234175 46.141531586828826)
3187,Nord Est,Trento,TNEE82102V,Aldeno,Via 25 Aprile,38060,A178,Aldeno,Scuola Primaria,,,www.icaldenomattarello.it,Statale,Normale,POINT (11.095500957985756 45.97351565090032)
3187,Nord Est,Trento,TNMM82101R,Aldeno,"Via Della Croce, 2",38060,A178,Aldeno,Scuola Primo Grado,,,www.istituti.vivoscuola.it/spaziowebmediemattarello/medie_mat,Statale,Normale,POINT (11.092819958502815 45.9753199927394)
1612,Nord Est,Trento,TNEE82202P,Altavalle - Faver,"Via Campagna, 1",38030,M349,Altavalle,Scuola Primaria,,,www.iccembra.it,Statale,Normale,POINT (11.236159974353455 46.180949996309806)
1268,Nord Est,Trento,TNMM82403A,"Andalo ""Cesare Battisti""","Piazza S. Vito, 1",38010,A274,Andalo,Scuola Primo Grado,,,www.icmezzolombardo.it,Statale,Normale,POINT (11.006000037773504 46.165899995791676)
1268,Nord Est,Trento,TNEE82406E,Andalo,"Piazza San Vito, 2",38010,A274,Andalo,Scuola Primaria,,,www.icmezzolombardo.it,Statale,Normale,POINT (11.006279993339575 46.165819990525875)
17798,Nord Est,Trento,TNEE84004A,Arco - Romarzollo,"Via Della Fossa, 6",38062,A372,Arco,Scuola Primaria,,,www.icarco.gov.it,Statale,Normale,POINT (10.866819960468831 45.919050013608796)
17798,Nord Est,Trento,TNMM840016,"Arco ""Nicolo' D'Arco""",Loc. Prabi,38062,A372,Arco,Scuola Primo Grado,,,www.icarco.gov.it,Statale,Normale,POINT (10.88599000000005 45.917940000000044)
17798,Nord Est,Trento,TNEE840028,Arco - Massone,"Via A.Maffei, 2",38060,A372,Arco,Scuola Primaria,,,www.icarco.gov.it,Statale,Normale,POINT (10.898659960785267 45.92388000149461)
17798,Nord Est,Trento,TNEE840017,Arco - Bolognano,"Viale Stazione, 2",38060,A372,Arco,Scuola Primaria,,,www.icarco.gov.it,Statale,Normale,POINT (10.892200028007949 45.878710009101184)
17798,Nord Est,Trento,TNEE840039,"Arco ""Giovanni Segantini""","Via Nas, 28",38062,A372,Arco,Scuola Primaria,,,www.icarco.gov.it,Statale,Normale,POINT (10.877179464816596 45.91720972682846)
17798,Nord Est,Trento,TNIC840005,"""Arco""",Loc. Prabi,38062,A372,Arco,Istituto Comprensivo,segr.ic.arco@scuole.provincia.tn.it,ic.arco@pec.provincia.tn.it,,Statale,Normale,POINT (10.881480000000067 45.91667000000007)
17798,Nord Est,Trento,TN1M00800V,"Gardascuola ""Padre Monti""",Via Xxiv Maggio 1,38062,A372,Arco,Scuola Sec. Primo Grado ,istituto@gardascuola.it,,,Paritaria,Paritaria,POINT (10.839490010794009 45.91263999506489)
17798,Nord Est,Trento,TNPS00500B,Gardascuola,Via Xxiv Maggio 1,38062,A372,Arco,Scuola Sec. Secondo Grado ,segreteria@gardascuola.it,,,Paritaria,Paritaria,POINT (10.839490010794009 45.91263999506489)
17798,Nord Est,Trento,TN1E00800N,Scuola Primaria Gardascuola,Via Xxiv Maggio 1,38062,A372,Arco,Scuola Primaria ,istituto@gardascuola.it,,,Paritaria,Paritaria,POINT (10.839490010794009 45.91263999506489)
17798,Nord Est,Trento,TNTN04500G,"Istituto ""Gardascuola""",Via Xxiv Maggio 1,38062,A372,Arco,Scuola Sec. Secondo Grado ,segreteria@gardascuola.it,,www.gardascuola.it,Paritaria,Paritaria,POINT (10.839490010794009 45.91263999506489)
4072,Nord Est,Trento,TNEE847012,Avio,"Via M.Perotti, 47",38063,A520,Avio,Scuola Primaria,,,www.istitutoavio.it,Statale,Normale,POINT (10.943740015357605 45.73755000053791)
4072,Nord Est,Trento,TNEE847023,Avio - Sabbionara,Piazza Conciliazione,38063,A520,Avio,Scuola Primaria,,,www.istitutoavio.it,Statale,Normale,POINT (10.953652023335437 45.74022835504588)
4072,Nord Est,Trento,TNIC84700X,"""Avio""","Via Perotti, 47",38063,A520,Avio,Istituto Comprensivo,segr.ic.avio@scuole.provincia.tn.it,ic.avio@pec.provincia.tn.it,,Statale,Normale,POINT (10.943740015357605 45.73755000053791)
4072,Nord Est,Trento,TNMM847011,"Avio ""Dante Alighieri""","Viale Degasperi, 69",38063,A520,Avio,Scuola Primo Grado,,,www.istitutoavio.it,Statale,Normale,POINT (10.946000027910799 45.7374000063806)
1470,Nord Est,Trento,TNEE81605E,"Bedollo ""Abramo Andreatta""","Via Sant'Osvaldo, 9",38043,A730,Bedollo,Scuola Primaria,,,http://icpine.eu,Statale,Normale,POINT (11.301079993742093 46.16663999211352)
2746,Nord Est,Trento,TNEE86001C,"Besenello ""Silvio Pellico""","Via Alcide Degasperi, 1",38060,A821,Besenello,Scuola Primaria,,,ic-altavallagarina.it,Statale,Normale,POINT (11.110033794087858 45.94167454746899)
1516,Nord Est,Trento,TNEE83702C,Bleggio Superiore - Rango,Via Balbido,38071,A902,Bleggio Superiore,Scuola Primaria,,,www.giudicariescuola.it,Statale,Normale,POINT (10.837660000000028 46.025190000000066)
1963,Nord Est,Trento,TNEE838039,"Borgo Chiese-Condino""Papaleoni""","Via G.Marconi, 1",38083,M352,Borgo Chiese,Scuola Primaria,,,www.istitutodelchiese.it,Statale,Normale,POINT (10.598889994713886 45.88956998004093)
707,Nord Est,Trento,TNEE83604P,Borgo Lares - Zuclo,"Via Fucina, 10",38079,M353,Borgo Lares,Scuola Primaria,,,www.ictione.tn.it,Statale,Normale,POINT (10.729670865887005 46.0332605001021)
6984,Nord Est,Trento,TNMM812012,"Borgo ""Ora E Veglia""","Via A. Spagolla, 1",38051,B006,Borgo Valsugana,Scuola Primo Grado,,,www.icborgovalsugana.edu.it,Statale,Normale,POINT (11.45634515061363 46.05203302227762)
6984,Nord Est,Trento,TNIS00200E,"""Alcide Degasperi"" Borgo","Via Xxiv Maggio, 6",38051,B006,Borgo Valsugana,Istituto Superiore,segr.istalcidedegasperi@scuole.provincia.tn.it,degasperi@pec.provincia.tn.it,,Statale,Normale,POINT (11.45952000816331 46.05368001668418)
6984,Nord Est,Trento,TNIC812001,"""Borgo Valsugana""","Via A.Spagolla, 1",38051,B006,Borgo Valsugana,Istituto Comprensivo,segr.ic.borgovalsugana@scuole.provincia.tn.it,ic.borgovalsugana@pec.provincia.tn.it,,Statale,Normale,POINT (11.466399958108724 46.04172997923649)
6984,Nord Est,Trento,TNTD002505,"""Alcide Degasperi"" - Borgo-Serale","Via Xxiv Maggio, 6",38051,B006,Borgo Valsugana,Ist Tec Commerciale E Per Geometri,segr.istalcidedegasperi@scuole.provincia.tn.it,,www.istalcidedegasperi.it,Statale,Percorso Ii Livello,POINT (11.45952000816331 46.05368001668418)
6984,Nord Est,Trento,TNPS002011,"""Alcide Degasperi"" - Borgo Valsugana","Via Xxiv Maggio, 6",38051,B006,Borgo Valsugana,Liceo Scientifico,segr.istalcidedegasperi@scuole.provincia.tn.it,,www.istalcidedegasperi.it,Statale,Normale,POINT (11.45952000816331 46.05368001668418)
6984,Nord Est,Trento,TNTD00201R,"""Alcide Degasperi"" - Borgo","Via Xxiv Maggio, 6",38051,B006,Borgo Valsugana,Ist Tec Commerciale E Per Geometri,segr.istalcidedegasperi@scuole.provincia.tn.it,,www.istalcidedegasperi.it,Statale,Normale,POINT (11.45952000816331 46.05368001668418)
6984,Nord Est,Trento,TNCT708006,Educazione Adulti I Ciclo Borgo Vals.,"Via Xxiv Maggio, 6",38051,B006,Borgo Valsugana,Centro Territoriale,,,,Statale,Normale,POINT (11.45952000816331 46.05368001668418)
6984,Nord Est,Trento,TNEE812046,"Borgo ""Vittorino Da Feltre""","Via 4 Novembre, 3",38051,B006,Borgo Valsugana,Scuola Primaria,,,www.icborgovalsugana.edu.it,Statale,Normale,POINT (11.278045853263734 46.0779128531357)
4021,Nord Est,Trento,TNMM861017,"Brentonico ""Catoni""",Via F.Calzolari,38060,B153,Brentonico,Scuola Primo Grado,,,ic-altavallagarina.it,Statale,Normale,POINT (10.959740000000068 45.82126000000005)
4021,Nord Est,Trento,TNIC861006,"""Brentonico""","Via F. Calzolari, 4",38060,B153,Brentonico,Istituto Comprensivo,,,,Statale,Normale,POINT (10.959740000000068 45.82126000000005)
4021,Nord Est,Trento,TNEE861018,Brentonico,"Via F. Calzolari, 4",38060,B153,Brentonico,Scuola Primaria,,,ic-altavallagarina.it,Statale,Normale,POINT (10.959740000000068 45.82126000000005)
681,Nord Est,Trento,TNEE83401X,Caderzone,"Via Nazionale, 15",38080,B335,Caderzone Terme,Scuola Primaria,,,icvalrendena.it,Statale,Normale,POINT (10.752519970178838 46.11861998500237)
1094,Nord Est,Trento,TNEE833014,Caldes,"Via Roma, 72",38022,B400,Caldes,Scuola Primaria,,,www.icbassavaldisole.it,Statale,Normale,POINT (10.922251488173869 46.359500097336564)
3855,Nord Est,Trento,TNEE818023,Caldonazzo,"Via Dell'Asilo, 3",38052,B404,Caldonazzo,Scuola Primaria,,,http://www.iclevico.eu,Statale,Normale,POINT (11.26355999673882 45.99294998496441)
3222,Nord Est,Trento,TNEE86002D,"Calliano ""Arminio De Valentini""","Via G. Garibaldi, 2",38060,B419,Calliano,Scuola Primaria,,,ic-altavallagarina.istruzione.tn.it,Statale,Normale,POINT (11.09324310824957 45.9343973256229)
1520,Nord Est,Trento,TNEE82901C,"Campodenno ""Mario Pezzi""","Via San Maurizio, 3",38010,B525,Campodenno,Scuola Primaria,,,www.icbassaanauniatuenno.it,Statale,Normale,POINT (11.036589961050339 46.25731001433792)
1457,Nord Est,Trento,TNMM81001A,Canal San Bovo,"Loc. Lausen, 14",38050,B577,Canal San Bovo,Scuola Primo Grado,,,www.scuoleprimiero.it,Statale,Normale,POINT (11.733380346091524 46.15584483618101)
1457,Nord Est,Trento,TNEE81001B,"Canal S.Bovo ""Federico Loss""","Via Roma, 45",38050,B577,Canal San Bovo,Scuola Primaria,,,www.scuoleprimiero.it,Statale,Normale,POINT (11.765747560170595 46.167800463073654)
2015,Nord Est,Trento,TNEE85001T,"Canazei ""Giovanni Rizzi""","Via Magoa, 15",38032,B579,Canazei,Scuola Primaria,,,www.scuoladifassa.it,Statale,Normale,POINT (11.765744366203796 46.47813610893063)
579,Nord Est,Trento,TNEE809017,Capriana,"Piazza Delle Scuole, 1",38030,B697,Capriana,Scuola Primaria,,,www.iccavalese.it,Statale,Normale,POINT (11.339024061780774 46.262869064246516)
950,Nord Est,Trento,TNEE834021,Carisolo,Via G.Verdi 18/B,38080,B783,Carisolo,Scuola Primaria,,,icvalrendena.it,Statale,Normale,POINT (10.759239993411683 46.167659985910944)
3277,Nord Est,Trento,TNMM80102L,"Castel Ivano Strigno ""Brentari""","Via Roma, 14",38059,M354,Castel Ivano,Scuola Primo Grado,,,www.icstrignoetesino.it,Statale,Normale,POINT (11.523880032600772 46.06243001113759)
3277,Nord Est,Trento,TNEE80106T,Castel Ivano - Strigno,"Piazza Iv Novembre, 12/A",38059,M354,Castel Ivano,Scuola Primaria,,,www.icstrignoetesino.it,Statale,Normale,POINT (11.521900000000073 46.06777000000005)
3277,Nord Est,Trento,TNEE80107V,Castel Ivano - Villagnedo,"Via Dei Molini, 32",38059,M354,Castel Ivano,Scuola Primaria,,,www.icstrignoetesino.it,Statale,Normale,POINT (11.526710014569915 46.054290009687776)
3277,Nord Est,Trento,TNIC80100E,"""Strigno E Tesino""","Via Roma, 14",38059,M354,Castel Ivano,Istituto Comprensivo,segr.ic.strignoetesino@scuole.provincia.tn.it,ic.strignotesino@pec.provincia.tn.it,,Statale,Normale,POINT (11.523880032600772 46.06243001113759)
1167,Nord Est,Trento,TNMM80101G,Castello Tesino,"Via C.Battisti, 2",38053,C194,Castello Tesino,Scuola Primo Grado,,,www.icstrignoetesino.it,Statale,Normale,POINT (11.629063977669643 46.06513048222527)
1066,Nord Est,Trento,TNEE81301V,Castelnuovo,"Piazza Municipio, 4",38050,C216,Castelnuovo,Scuola Primaria,,,www.iccentrovalsugana.it,Statale,Normale,POINT (11.494275108675595 46.052557349963244)
4041,Nord Est,Trento,TNEE80906C,Cavalese - Masi,"Via Chiesa, 27",38030,C372,Cavalese,Scuola Primaria,,,www.iccavalese.it,Statale,Normale,POINT (11.485580015688015 46.2834600015932)
4041,Nord Est,Trento,TNIS00100P,"""La Rosa Bianca-Weisse Rose"" - Cavalese","Via Gandhi, 1",38033,C372,Cavalese,Istituto Superiore,segr.iicavalese@scuole.provincia.tn.it,weisserose@pec.provincia.tn.it,,Statale,Normale,POINT (11.459390000000042 46.29168000000004)
4041,Nord Est,Trento,TNMM809016,"Cavalese ""Giovanni Segantini""","Piazza G.Verdi, 6",38033,C372,Cavalese,Scuola Primo Grado,,,www.iccavalese.it,Statale,Normale,POINT (11.433820003379992 46.279359993654936)
4041,Nord Est,Trento,TNTL00101B,"""La Rosa Bianca-Weisse Rose"" - Cavalese","Via Gandhi, 1",38033,C372,Cavalese,Istituto Tecnico Per Geometri,segr.iicavalese@scuole.provincia.tn.it,,www.scuolefiemme.tn.it,Statale,Normale,POINT (11.459390000000042 46.29168000000004)
4041,Nord Est,Trento,TNEE80905B,Cavalese,"Largo Leone Bosin, 2",38033,C372,Cavalese,Scuola Primaria,,,www.iccavalese.it,Statale,Normale,POINT (11.46348003831855 46.28948998464713)
4041,Nord Est,Trento,TNPS001015,"""La Rosa Bianca-Weisse Rose"" - Cavalese","Via Gandhi, 1",38033,C372,Cavalese,Liceo Scientifico,segr.iicavalese@scuole.provincia.tn.it,,http://www.scuolefiemme.tn.it/,Statale,Normale,POINT (11.459390000000042 46.29168000000004)
4041,Nord Est,Trento,TNCT710006,Educazione Adulti I Ciclo Cavalese,"Via Ghandi, 1",38033,C372,Cavalese,Centro Territoriale,,,,Statale,Normale,POINT (11.459390000000042 46.29168000000004)
4041,Nord Est,Trento,TNIC809005,"""Cavalese""","Piazza G. Verdi, 6",38033,C372,Cavalese,Istituto Comprensivo,segr.cavalese@scuole.provincia.tn.it,ic.cavalese@pec.provincia.tn.it,,Statale,Normale,POINT (11.459390000000042 46.29168000000004)
1117,Nord Est,Trento,TNEE82802N,Cavareno,"Piazzale Savera, 2",38011,C380,Cavareno,Scuola Primaria,,,www.icfondorevo.it,Statale,Normale,POINT (11.138359883593107 46.408153430969186)
3003,Nord Est,Trento,TNEE84407R,Cavedine - Vigo,"Via Nuova, 42",38070,C393,Cavedine,Scuola Primaria,,,www.istitutovalledeilaghidro.it,Statale,Normale,POINT (10.982930022749542 45.979070014310565)
3003,Nord Est,Trento,TNEE84406Q,Cavedine,"Via Don Luigi Negri, 32",38073,C393,Cavedine,Scuola Primaria,,,www.istitutocomprensivovalledeilaghi.it,Statale,Normale,POINT (10.973970000000065 45.99387000000007)
3003,Nord Est,Trento,TNMM84402E,"Cavedine ""Cristoforo Madruzzo""","Via 25 Aprile, 7",38073,C393,Cavedine,Scuola Primo Grado,,,www.icvalledeilaghidro.it,Statale,Normale,POINT (10.971159986672518 45.9947999967238)
2308,Nord Est,Trento,TNMM82201L,Cembra Lisignago - Cembra,"Via Delle Negritelle, 1",38034,M355,Cembra Lisignago,Scuola Primo Grado,,,www.iccembra.it,Statale,Normale,POINT (11.222832802368476 46.17209231259779)
2308,Nord Est,Trento,TNIC82200G,"""Cembra""","Via Delle Negritelle,  1",38034,M355,Cembra Lisignago,Istituto Comprensivo,segr.cembra@scuole.provincia.tn.it,ic.cembra@pec.provincia.tn.it,,Statale,Normale,POINT (11.222832802368476 46.17209231259779)
2308,Nord Est,Trento,TNEE82201N,Cembra Lisignago - Cembra,"Viale 4 Novembre, 68",38034,M355,Cembra Lisignago,Scuola Primaria,,,www.iccembra.it,Statale,Normale,POINT (11.22135000000003 46.174960000000056)
708,Nord Est,Trento,TNEE82103X,Cimone,"Fraz. Petrolli, 37",38060,C700,Cimone,Scuola Primaria,,,www.icaldenomattarello.it,Statale,Normale,POINT (11.067647477784655 45.98032466828956)
4080,Nord Est,Trento,TNEE817027,Civezzano - Seregnano,"Fraz. Cogatti, 4",38045,C756,Civezzano,Scuola Primaria,,,http://iccivezzano.infovals.eu,Statale,Normale,POINT (11.196760000286986 46.09373000734195)
4080,Nord Est,Trento,TNMM817015,"Civezzano ""Giulio Alessandrini""","Via Murialdo, 30",38045,C756,Civezzano,Scuola Primo Grado,,,http://iccivezzano.infovals.eu,Statale,Normale,POINT (11.181571981040426 46.09192137254481)
4080,Nord Est,Trento,TNEE817016,"Civezzano ""G.B.Borsieri""","Via Telvana, 6",38045,C756,Civezzano,Scuola Primaria,,,http://ic.civezzano.infovals.eu,Statale,Normale,POINT (11.180470022922606 46.08989998050495)
4080,Nord Est,Trento,TNIC817004,"""Civezzano""","Via Murialdo, 27",38045,C756,Civezzano,Istituto Comprensivo,segr.i.c.civezzano@scuole.provincia.tn.it,ic.civezzano@pec.provincia.tn.it,,Statale,Normale,POINT (11.180219916110168 46.09257175973796)
4080,Nord Est,Trento,TNTN01500Q,"Istituto ""Ivo De Carneri"" Civezzano",Via Murialdo 30,38045,C756,Civezzano,Scuola Sec. Secondo Grado ,info@istitutodecarneri.it,,,Paritaria,Paritaria,POINT (11.181571981040426 46.09192137254481)
4080,Nord Est,Trento,TNRI015007,"Istituto ""Ivo De Carneri"" Civezzano",Via Murialdo 30,38045,C756,Civezzano,Scuola Sec. Secondo Grado ,info@istitutodecarneri.it,,,Paritaria,Paritaria,POINT (11.181571981040426 46.09192137254481)
4080,Nord Est,Trento,TNTE045005,"Istituto ""Ivo De Carneri"" Civezzano",Via Murialdo 30,38045,C756,Civezzano,Scuola Sec. Secondo Grado ,info@istitutodecarneri.it,,,Paritaria,Paritaria,POINT (11.181571981040426 46.09192137254481)
7155,Nord Est,Trento,TNIS00600T,"""Bertrand Russell"" - Cles","Via Iv Novembre, 35",38023,C794,Cles,Istituto Superiore,segr.russell@scuole.provincia.tn.it,russell@pec.provincia.tn.it,,Statale,Normale,POINT (11.035550000000057 46.36451000000005)
7155,Nord Est,Trento,TNCT709002,Educazione Adulti I Ciclo Cles,Via Iv Novembre 35,38023,C794,Cles,Centro Territoriale,,,,Statale,Normale,POINT (11.035550000000057 46.36451000000005)
7155,Nord Est,Trento,TNEE83101C,Cles,"Via F.Filzi, 58",38023,C794,Cles,Scuola Primaria,,,www.iccles.it,Statale,Normale,POINT (11.031220010961988 46.36777000332614)
7155,Nord Est,Trento,TNTD100001,"""Carlo Antonio Pilati"" - Cles","Via Iv Novembre, 35",38023,C794,Cles,Ist Tec Commerciale E Per Geometri,segr.itetpilati@scuole.provincia.tn.it,pilati@pec.provincia.tn.it,www.istitutopilati.it,Statale,Normale,POINT (11.032490538624966 46.36398151346084)
7155,Nord Est,Trento,TNPM006019,"""Degasperi"" - Cles","Via Trento, 30",38023,C794,Cles,Istituto Magistrale,segr.russell@scuole.provincia.tn.it,,www.liceorussell.eu,Statale,Normale,POINT (11.03565998889303 46.36309000959764)
7155,Nord Est,Trento,TNIC83100A,"""Cles""","Via Chini, 31",38023,C794,Cles,Istituto Comprensivo,segr.ic.cles@scuole.provincia.tn.it,ic.cles@pec.provincia.tn.it,,Statale,Normale,POINT (11.035550000000057 46.36451000000005)
7155,Nord Est,Trento,TNPS006018,"""Bertrand Russell"" Cles","Via Iv Novembre, 35",38023,C794,Cles,Liceo Scientifico,segr.russell@scuole.provincia.tn.it,,www.liceorussell.eu,Statale,Normale,POINT (11.035550000000057 46.36451000000005)
7155,Nord Est,Trento,TNTD10050A,"""Carlo Antonio Pilati"" - Cles - Serale","Via 4 Novembre, 35",38023,C794,Cles,Ist Tec Commerciale E Per Geometri,dirigente@istitutopilati.it,,www.istitutopilati.it,Statale,Percorso Ii Livello,POINT (11.03415996350077 46.36865001934052)
7155,Nord Est,Trento,TNMM83101B,"Cles ""Vigilio Inama""","Via Chini, 31",38023,C794,Cles,Scuola Primo Grado,,,www.iccles.it,Statale,Normale,POINT (11.035550000000057 46.36451000000005)
2895,Nord Est,Trento,TNIC837009,"""Giudicarie Esteriori""","Via San Giovanni Bosco, 14",38077,M314,Comano Terme,Istituto Comprensivo,segr.ic.pontearche@scuole.provincia.tn.it,ic.giudicarieesteriori@pec.provincia.tn.it,,Statale,Normale,POINT (10.870659961770599 46.03591997923141)
2895,Nord Est,Trento,TNEE83704E,Comano Terme - Campo Lomaso,Via G. Prati,38070,M314,Comano Terme,Scuola Primaria,,,www.giudicariescuola.it,Statale,Normale,POINT (10.86470743428845 46.0246051916053)
2895,Nord Est,Trento,TNMM83701A,"Comano Terme-Ponte Arche""Prati""","Via San Giovanni, 14",38077,M314,Comano Terme,Scuola Primo Grado,,,www.giudicariescuola.it,Statale,Normale,POINT (10.881559654453707 46.0280310743208)
1019,Nord Est,Trento,TNEE83208G,Commezzadura - Mestriago,"Via Nazionale, 25",38020,C931,Commezzadura,Scuola Primaria,,,www.icaltavaldisole.it,Statale,Normale,POINT (10.836225621438924 46.320752830567194)
688,Nord Est,Trento,TNEE833036,"Croviana ""Bartolomeo Pezzen""","Via Delle Scuole, 25",38027,D188,Croviana,Scuola Primaria,,,www.icbassavaldisole.it,Statale,Normale,POINT (10.903479974206306 46.34512997993508)
1211,Nord Est,Trento,TNIC82900A,"""Bassa Anaunia-Tuenno""","Via Colle Verde, 3",38010,D273,Denno,Istituto Comprensivo,segr.ic.denno@scuole.provincia.tn.it,ic.bassaanaunia@pec.provincia.tn.it,,Statale,Normale,POINT (11.048770039830714 46.27019999840772)
1211,Nord Est,Trento,TNMM82901B,"Denno ""Vittorio Vielmetti""","Via Colle Verde, 3",38010,D273,Denno,Scuola Primo Grado,,,www.icbassaanaunia.it,Statale,Normale,POINT (11.048770039830714 46.27019999840772)
1211,Nord Est,Trento,TNEE82903E,"Denno ""Mons.Simone Weber""","Via Severini, 26",38010,D273,Denno,Scuola Primaria,,,www.icbassaanaunia.it,Statale,Normale,POINT (11.04507999077677 46.27479998687039)
2099,Nord Est,Trento,TNEE833047,Dimaro Folgarida - Dimaro,"Piazza Madonna Della Pace, 14",38025,M366,Dimaro Folgarida,Scuola Primaria,,,www.icbassavaldisole.it,Statale,Normale,POINT (10.875909966824537 46.32623000365041)
5057,Nord Est,Trento,TNEE844101,Dro - Pietramurata,Piazza Mercato,38070,D371,Dro,Scuola Primaria,,,www.istitutovalledeilaghidro.it,Statale,Normale,POINT (10.945346219184415 46.01707424805509)
5057,Nord Est,Trento,TNEE84409V,Dro,Piazza Repubblica,38074,D371,Dro,Scuola Primaria,,,www.istitutovalledeilaghidro.it,Statale,Normale,POINT (10.910665067336836 45.96136504596163)
5057,Nord Est,Trento,TNMM84403G,"Dro ""Nuova Europa""","Via Sant'Antonio, 3",38074,D371,Dro,Scuola Primo Grado,,,www.icvalledeilaghi.it,Statale,Normale,POINT (10.908490005372329 45.95941998342025)
481,Nord Est,Trento,TNEE81401P,Fierozzo - San Felice,"Loc. Maso Ronca, 1",38050,D573,Fierozzo,Scuola Primaria,,,www.icpergine1.it,Statale,Di Montagna,POINT (11.318700000000035 46.110690000000034)
3150,Nord Est,Trento,TNMM804013,"Folgaria  ""Pia Rella""","Piazza G.Marconi, 85",38064,D651,Folgaria,Scuola Primo Grado,,,www.icfolgarialavaroneluserna,Statale,Normale,POINT (11.172596330772746 45.91501912889739)
3150,Nord Est,Trento,TNEE804025,"Folgaria  ""Simone Lauton""","Via S.D'Acquisto, 21",38064,D651,Folgaria,Scuola Primaria,,,www.icfolgarialavaroneluserna,Statale,Normale,POINT (11.183790000000045 45.91417000000007)
3150,Nord Est,Trento,TNIC804002,"""Folgaria, Lavarone E Luserna""","P.Zza G.Marconi, 85",38064,D651,Folgaria,Istituto Comprensivo,segr.rella.folgaria@scuole.provincia.tn.it,ic.folgaria-lavarone@pec.provincia.tn.it,,Statale,Normale,POINT (11.172596330772746 45.91501912889739)
1319,Nord Est,Trento,TNEE817038,"Fornace ""Amabile Girardi""","Via Dei Mori, 2",38040,D714,Fornace,Scuola Primaria,,,http://iccivezzano.infovals.eu,Statale,Normale,POINT (11.205200073870458 46.1170200263695)
2520,Nord Est,Trento,TNEE82203Q,Giovo - Verla,"Via Grec, 2",38030,E048,Giovo,Scuola Primaria,,,www.iccembra.it,Statale,Normale,POINT (11.155910364315428 46.159223757329194)
2520,Nord Est,Trento,TNMM82203P,Giovo - Verla,"Via Dell'Oratorio, 15",38030,E048,Giovo,Scuola Primo Grado,,,www.iccembra.it,Statale,Normale,POINT (11.154464099464569 46.15719552846012)
749,Nord Est,Trento,TNEE834032,"Giustino ""Vincenzo Gabriotti""",Via Presanella 79,38086,E065,Giustino,Scuola Primaria,,,icvalrendena.it,Statale,Normale,POINT (10.769003651346154 46.14743465311878)
2086,Nord Est,Trento,TNMM812023,"Grigno ""Fante Silvano""",Viale Trento,38055,E178,Grigno,Scuola Primo Grado,,,www.icborgovalsugana.edu.it,Statale,Normale,POINT (11.629412368818546 46.0156622637938)
2086,Nord Est,Trento,TNEE812024,Grigno,"Via C.Battisti, 23",38055,E178,Grigno,Scuola Primaria,,,www.icborgovalsugana.edu.it,Statale,Normale,POINT (11.635355035122867 46.01596088808513)
2754,Nord Est,Trento,TNEE84501A,"Isera  ""Damiano Chiesa""","Piazza D.Chiesa, 1",38060,E334,Isera,Scuola Primaria,,,www.isera-rovereto.it,Statale,Normale,POINT (11.008990030274248 45.88565001538285)
1186,Nord Est,Trento,TNMM804024,"Lavarone  ""Giovanni Prati""","Piazza Italia, 33",38046,E492,Lavarone,Scuola Primo Grado,,,www.icfolgarialavaroneluserna,Statale,Normale,POINT (11.251860033372338 45.9413700159366)
1186,Nord Est,Trento,TNEE804014,Lavarone,Via Marconi,38040,E492,Lavarone,Scuola Primaria,,,www.icfolgarialavaroneluserna,Statale,Normale,POINT (11.273413482750428 45.93957364746854)
9119,Nord Est,Trento,TNEE825026,"Lavis - Pressano ""Don L.Milani""","Via C.A.Pilati, 31",38015,E500,Lavis,Scuola Primaria,,,www.iclavis.it,Statale,Normale,POINT (11.105438922490773 46.15164169129115)
9119,Nord Est,Trento,TNMM825014,"Lavis ""Aldo Stainer""","Via Carlo Sette, 13/A",38015,E500,Lavis,Scuola Primo Grado,,,www.iclavis.it,Statale,Normale,POINT (11.11352996486869 46.13761999930145)
9119,Nord Est,Trento,TNEE825015,"Lavis ""Giuseppe Grazioli""","Via A.Degasperi, 18",38015,E500,Lavis,Scuola Primaria,,,web: www.iclavis.it,Statale,Normale,POINT (11.095320028762956 46.150689984741945)
9119,Nord Est,Trento,TNIC825003,"""Lavis""","Via Carlo Sette, 13/A",38015,E500,Lavis,Istituto Comprensivo,segr.ic.lavis@scuole.provincia.tn.it,ic.lavis@pec.provincia.tn.it,,Statale,Normale,POINT (11.11352996486869 46.13761999930145)
5248,Nord Est,Trento,TNIC80600N,"""Valle Di Ledro""",Via Falcone E Borsellino 2,38067,M313,Ledro,Istituto Comprensivo,segr.ic.bezzecca@scuole.provincia.tn.it,ic.vallediledro@pec.provincia.tn.it,,Statale,Normale,POINT (10.731490000000065 45.88857000000007)
5248,Nord Est,Trento,TNMM80601P,"Ledro - Bezzezza ""Garibaldi""","Via Giacomo Cis, 31",38067,M313,Ledro,Scuola Primo Grado,,,www.icvallediledro.it,Statale,Normale,POINT (10.720452919394779 45.89491001911832)
5248,Nord Est,Trento,TNEE80603T,"Ledro - Tiarno Di Sopra ""Merli""","Piazza Milin, 14",38067,M313,Ledro,Scuola Primaria,,,www.icvallediledro.it,Statale,Normale,POINT (10.670459964624825 45.889310015313924)
5248,Nord Est,Trento,TNEE80601Q,"Ledro - Enguiso ""O. Ferrari""","Via Dei Concei, 27",38067,M313,Ledro,Scuola Primaria,,,www.icvallediledro.it,Statale,Normale,POINT (10.728521565036413 45.90657327085479)
5248,Nord Est,Trento,TNEE80602R,Ledro - Molina,"Via Don Lucillo Sartori, 27",38067,M313,Ledro,Scuola Primaria,,,www.icvallediledro.it,Statale,Normale,POINT (10.774160000000052 45.871680000000026)
8003,Nord Est,Trento,TNIC81800X,"""Levico Terme""","Via Della Pace, 5",38056,E565,Levico Terme,Istituto Comprensivo,segr.ic.levico@scuole.provincia.tn.it,ic.levicoterme@pec.provincia.tn.it,,Statale,Normale,POINT (11.30615264021007 46.01514240925632)
8003,Nord Est,Trento,TNEE818034,Levico Terme,"Via Della Pace, 5",38056,E565,Levico Terme,Scuola Primaria,,,http://www.iclevico.eu,Statale,Normale,POINT (11.30615264021007 46.01514240925632)
8003,Nord Est,Trento,TNMM818011,"Levico Terme ""G.B.De Gasparis""","Via Della Pace, 5",38056,E565,Levico Terme,Scuola Primo Grado,,,www.iclevico.eu,Statale,Normale,POINT (11.30615264021007 46.01514240925632)
8003,Nord Est,Trento,TNRC004015,"""Marie Curie"" - Levico Terme","Viale Vittorio Emanuele, 134",38056,E565,Levico Terme,Ist Prof Per I Servizi Commerciali E Turistici,segr.curie.pergine@scuole.provincia.tn.it,,www.curiepergine.it,Statale,Normale,POINT (11.297666504968761 46.013214312456824)
954,Nord Est,Trento,TNEE83102D,Livo - Varollo,"Frazione Livo, 92",38020,E624,Livo,Scuola Primaria,,,www.iccles.it,Statale,Normale,POINT (11.015378855199227 46.40484032886056)
870,Nord Est,Trento,TNEE82206V,"Lona Lases - Lases ""Don Milani""","Via Principale, 43",38040,E664,Lona-Lases,Scuola Primaria,,,www.iccembra.it,Statale,Normale,POINT (11.220524545358826 46.14340193293495)
2933,Nord Est,Trento,TNEE84405P,Madruzzo - Calavino,"Piazza Santa Maria Assunta, 1",38072,M357,Madruzzo,Scuola Primaria,,,www.istitutocomprensivovalledeilaghidro.it,Statale,Normale,POINT (11.03065004154604 45.91654998525817)
2933,Nord Est,Trento,TNEE84401E,Madruzzo - Sarche,"Piazza Mons. Balussi, 10",38070,M357,Madruzzo,Scuola Primaria,,,www.istitutocomprensivovalledeilaghidro.it,Statale,Normale,POINT (10.952400537528675 46.046985425714205)
1594,Nord Est,Trento,TNEE81003D,Mezzano,"Via 4 Novembre, 13",38050,F176,Mezzano,Scuola Primaria,,,www.scuoleprimiero.it,Statale,Normale,POINT (11.809409983367374 46.15644001222981)
1594,Nord Est,Trento,TN1E00200P,"Istituto Salesiano ""Santa Croce""",Via Molaren 29,38050,F176,Mezzano,Scuola Primaria ,segreteria@sdbmezzano.it,,www.salesianimezzano.it,Paritaria,Paritaria,POINT (11.818139986981691 46.1630999791264)
1594,Nord Est,Trento,TN1M001004,"Istituto Salesiano ""Santa Croce""",Via Molaren 29,38050,F176,Mezzano,Scuola Sec. Primo Grado ,segreteria@sdbmezzano.it,,,Paritaria,Paritaria,POINT (11.818139986981691 46.1630999791264)
5528,Nord Est,Trento,TNIC82300B,"""Mezzocorona""","Via Fornai, 1",38016,F183,Mezzocorona,Istituto Comprensivo,segr.ic.mezzocorona@scuole.provincia.tn.it,ic.mezzocorona@pec.provincia.tn.it,,Statale,Normale,POINT (11.114316063369868 46.2134355228032)
5528,Nord Est,Trento,TNEE82304L,"Mezzocorona ""Alcide Degasperi""","Via Dante, 1",38016,F183,Mezzocorona,Scuola Primaria,,,www.icmezzocorona.it,Statale,Normale,POINT (11.11857997771287 46.21644999655729)
5528,Nord Est,Trento,TNMM82301C,"Mezzocorona ""Eusebio Chini""","Via Fornai, 1",38016,F183,Mezzocorona,Scuola Primo Grado,,,www.icmezzocorona.it,Statale,Normale,POINT (11.114316063369868 46.2134355228032)
7361,Nord Est,Trento,TNMM824018,"Mezzolombardo ""Eccher Dall'Eco""","Via Alpini, 17",38017,F187,Mezzolombardo,Scuola Primo Grado,,,www.icmezzolombardo.it,Statale,Normale,POINT (11.090770000000077 46.213310000000035)
7361,Nord Est,Trento,TNTD00301L,"""Martino Martini"" - Mezzolombardo","Via Perlasca, 4",38017,F187,Mezzolombardo,Istituto Tecnico Commerciale,segr.martini.mezzolombardo@scuole.provincia.tn.it,,www.martinomartini.eu,Statale,Normale,POINT (11.093355683508364 46.218350985276295)
7361,Nord Est,Trento,TNIC824007,"""Mezzolombardo-Paganella""",Via Degli Alpini 17,38017,F187,Mezzolombardo,Istituto Comprensivo,segr.ic.mezzolombardo@scuole.provincia.tn.it,ic.mezzolombardo@pec.provincia.tn.it,,Statale,Normale,POINT (11.097503578968434 46.2119959463971)
7361,Nord Est,Trento,TNRC00350N,"""Martino Martini""-Mezzolombardo - Serale","Via Perlasca, 4",38017,F187,Mezzolombardo,Ist Prof Per I Servizi Commerciali E Turistici,segr.martini.mezzolombardo@scuole.provincia.tn.it,,www.martinomartini.eu,Statale,Percorso Ii Livello,POINT (11.093355683508364 46.218350985276295)
7361,Nord Est,Trento,TNPS00301R,"""Martino Martini"" - Mezzolombardo","Via Perlasca, 4",38017,F187,Mezzolombardo,Liceo Scientifico,segr.martini.mezzolombardo@scuole.provincia.tn.it,,www.martinomartini.eu,Statale,Normale,POINT (11.093355683508364 46.218350985276295)
7361,Nord Est,Trento,TNEE824019,"Mezzolombardo ""C. Darwin""","Via F.Filos, 3",38017,F187,Mezzolombardo,Scuola Primaria,,,www.icmezzolombardopaganella.it,Statale,Normale,POINT (11.092200032943964 46.21336998241645)
7361,Nord Est,Trento,TNCT70400V,Educazione Adulti I Ciclo Mezzolombardo,"Piazza A. Vittoria, 3",38017,F187,Mezzolombardo,Centro Territoriale,,,,Statale,Normale,POINT (11.089770035394366 46.21387000485038)
7361,Nord Est,Trento,TNIS00300A,"""Martino Martini"" Mezzolombardo","Via Perlasca, 4",38017,F187,Mezzolombardo,Istituto Superiore,segr.martini.mezzolombardo@scuole.provincia.tn.it,martini@pec.provincia.tn.it,,Statale,Normale,POINT (11.093355683508364 46.218350985276295)
7361,Nord Est,Trento,TNRC003019,"""Martino Martini"" - Mezzolombardo","Via Perlasca, 4",38017,F187,Mezzolombardo,Ist Prof Per I Servizi Commerciali E Turistici,segr.martini.mezzolombardo@scuole.provincia.tn.it,,www.martinomartini.eu,Statale,Normale,POINT (11.093355683508364 46.218350985276295)
2682,Nord Est,Trento,TNMM85002T,"Moena  ""Don Giovanni Iori""","Via Don Giovanni Iori, 19",38035,F263,Moena,Scuola Primo Grado,,,www.scuoladifassa.it,Statale,Normale,POINT (11.656596030656376 46.376852965705176)
2682,Nord Est,Trento,TNEE85002V,"Moena""Padre Emilio Chiocchetti""","Via Don G.Iori, 13",38035,F263,Moena,Scuola Primaria,,,www.scuoladifassa.it,Statale,Normale,POINT (11.656596030656376 46.376852965705176)
1134,Nord Est,Trento,TNEE82407G,"Molveno ""Luigi Nicolussi""","Piazza Scuole, 2",38018,F307,Molveno,Scuola Primaria,,,www.icmezzolombardo.it,Statale,Normale,POINT (10.964940027783143 46.14290001156874)
9974,Nord Est,Trento,TNEE84901N,Mori,"Via Delle Scuole, 21",38065,F728,Mori,Scuola Primaria,,,www.icmori.it,Statale,Normale,POINT (10.974260033561961 45.85184001636313)
9974,Nord Est,Trento,TNIC84900G,"""Mori""","Via Giovanni Xxiii, 64",38065,F728,Mori,Istituto Comprensivo,segr.ic.mori@scuole.provincia.tn.it,ic.mori@pec.provincia.tn.it,,Statale,Normale,POINT (10.985019966487329 45.85212998830346)
9974,Nord Est,Trento,TNMM84901L,"Mori ""Bartolomeo Malfatti""","Via Giovanni Xxiii, 64",38065,F728,Mori,Scuola Primo Grado,,,www.icmori.it,Statale,Normale,POINT (10.985019966487329 45.85212998830346)
2847,Nord Est,Trento,TNEE841035,Nago Torbole - Nago,Via A.De Bonetti,38060,F835,Nago-Torbole,Scuola Primaria,,,www.riva1.it,Statale,Normale,POINT (10.89221825856149 45.877760937809725)
2075,Nord Est,Trento,TNEE846016,Nogaredo,"Via Lavine, 4",38060,F920,Nogaredo,Scuola Primaria,,,http://www.icvillalagarina.it/,Statale,Normale,POINT (11.022009975752809 45.909389995927626)
1312,Nord Est,Trento,TNEE84606B,"Nomi  ""Luigi Vicentini""","Via Romani, 14",38060,F929,Nomi,Scuola Primaria,,,http://www.icvillalagarina.it/,Statale,Normale,POINT (11.07060003609891 45.92796999305858)
1095,Nord Est,Trento,TNEE813064,Novaledo,"Piazza Municipio, 5",38050,F947,Novaledo,Scuola Primaria,,,www.iccentrovalsugana.it,Statale,Normale,POINT (11.365989116656579 46.022313300530584)
3599,Nord Est,Trento,TNEE828091,Novella - Revo',Via Delle Maddalene,38028,M430,Novella,Scuola Primaria,,,www.icfondorevo.it,Statale,Normale,POINT (11.05437436899229 46.39314291046763)
3599,Nord Est,Trento,TNEE82808X,Novella - Brez,"Via Nigaiola, 1",38021,M430,Novella,Scuola Primaria,,,www.icfondorevo.it,Statale,Normale,POINT (11.10665998938805 46.432550003022214)
3599,Nord Est,Trento,TNMM82802L,Novella - Revo',"Via G. Canestrini, 9",38028,M430,Novella,Scuola Primo Grado,,,www.icfondorevo.it,Statale,Normale,POINT (11.05272001170215 46.39334997925599)
790,Nord Est,Trento,TNEE80108X,Ospedaletto,"Via Roma, 52",38050,G168,Ospedaletto,Scuola Primaria,,,www.icstrignoetesino.it,Statale,Normale,POINT (11.553160032049362 46.04316999020202)
834,Nord Est,Trento,TNMM832017,"Ossana ""Cesare Zanella""","Via San Michele, 1",38026,G173,Ossana,Scuola Primo Grado,,,www.icaltavaldisole.it,Statale,Normale,POINT (10.731590022673629 46.309600014383705)
834,Nord Est,Trento,TNEE832029,"Ossana ""Ergisto Bezzi""","Via Sant'Antonio, 21",38026,G173,Ossana,Scuola Primaria,,,www.icaltavaldisole.it,Statale,Normale,POINT (10.739400028595412 46.307969985673196)
834,Nord Est,Trento,TNIC832006,"""Alta Val Di Sole""","Via San Michele, 11",38026,G173,Ossana,Istituto Comprensivo,segr.icaltavaldisole@scuole.provincia.tn.it,ic.altavaldisole@pec.provincia.tn.it,,Statale,Normale,POINT (10.732380017047916 46.310909980121494)
1834,Nord Est,Trento,TNEE83204B,Peio - Cogolo,"Via A.Rosmini, 6",38024,G419,Peio,Scuola Primaria,,,www.icaltavaldisole.it,Statale,Normale,POINT (10.695231443612911 46.3513398777648)
782,Nord Est,Trento,TNEE83205C,Pellizzano,"Via Dei Baschenis, 7",38020,G428,Pellizzano,Scuola Primaria,,,www.icaltavaldisole.it,Statale,Normale,POINT (10.759049975666699 46.30968999411431)
21486,Nord Est,Trento,TNEE81501E,"Pergine ""Giovanni Rodari""","Via G.B.Chimelli, 10",38057,G452,Pergine Valsugana,Scuola Primaria,,,www.icpergine2.it,Statale,Normale,POINT (11.241300008837726 46.06210001560956)
21486,Nord Est,Trento,TNTD00450R,"""Marie Curie"" - Pergine - Serale","Via San Pietro, 4",38057,G452,Pergine Valsugana,Ist Tec Commerciale E Per Geometri,segr.curie.pergine@scuole.provincia.tn.it,,www.curiepergine.it,Statale,Percorso Ii Livello,POINT (11.244469960799648 46.063239996350944)
21486,Nord Est,Trento,TNEE81504N,Pergine - Madrano,"Via Oltrefersina, 147",38050,G452,Pergine Valsugana,Scuola Primaria,,,www.icpergine2.it,Statale,Normale,POINT (11.218819995978293 46.08396001909114)
21486,Nord Est,Trento,TNMM81401N,"Pergine ""Ciro Andreatta""","Via Dei Caduti, 39",38057,G452,Pergine Valsugana,Scuola Primo Grado,,,www.icpergine1.it,Statale,Normale,POINT (11.245400016776017 46.0682999836599)
21486,Nord Est,Trento,TNEE81503L,Pergine - Susa',"Via Don Sopperra, 61",38057,G452,Pergine Valsugana,Scuola Primaria,,,www.icpergine2.it,Statale,Normale,POINT (11.223084532308391 46.050173057934)
21486,Nord Est,Trento,TNIS004006,"""Marie Curie"" Pergine","Via San Pietro, 4",38057,G452,Pergine Valsugana,Istituto Superiore,segr.curie.pergine@scuole.provincia.tn.it,curie@pec.provincia.tn.it,,Statale,Normale,POINT (11.244469960799648 46.063239996350944)
21486,Nord Est,Trento,TNCT703003,Educazione Adulti I Ciclo Pergine,"Via San Pietro, 4",38057,G452,Pergine Valsugana,Centro Territoriale,,,,Statale,Normale,POINT (11.244469960799648 46.063239996350944)
21486,Nord Est,Trento,TNMM81501D,"Pergine ""Tullio Garbari""","Via Paganella, 4",38057,G452,Pergine Valsugana,Scuola Primo Grado,,,www.icpergine2.it,Statale,Normale,POINT (11.232305785954681 46.065927534224585)
21486,Nord Est,Trento,TNEE81502G,Pergine - Canale,"Via Nazioni Unite, 42",38050,G452,Pergine Valsugana,Scuola Primaria,,,www.icpergine2.it,Statale,Normale,POINT (11.228279979540162 46.04283999467401)
21486,Nord Est,Trento,TNTD00401C,"""Marie Curie"" - Pergine","Via San Pietro, 4",38057,G452,Pergine Valsugana,Ist Tec Commerciale E Per Geometri,segr.curie.pergine@scuole.provincia.tn.it,,www.curiepergine.it,Statale,Normale,POINT (11.244469960799648 46.063239996350944)
21486,Nord Est,Trento,TNEE81403R,Pergine - Canezza,"Via Delle Scuole, 4",38050,G452,Pergine Valsugana,Scuola Primaria,,,www.icpergine1.it,Statale,Normale,POINT (11.277560038155684 46.07948001757239)
21486,Nord Est,Trento,TNIC81400L,"""Pergine 1""","Via Monte Cristallo, 2",38057,G452,Pergine Valsugana,Istituto Comprensivo,segr.ic.pergine1@scuole.provincia.tn.it,ic.pergine1@pec.provincia.tn.it,,Statale,Normale,POINT (11.238760040718489 46.06471001452985)
21486,Nord Est,Trento,TNEE814071,Pergine - Zivignago,"Via Dei Spiazzi, 3",38050,G452,Pergine Valsugana,Scuola Primaria,,,www.icpergine1.it,Statale,Normale,POINT (11.266050008715155 46.080669996366225)
21486,Nord Est,Trento,TNIC81500C,"""Pergine 2""","Via Amstetten, 4",38057,G452,Pergine Valsugana,Istituto Comprensivo,segr.freinet@scuole.provincia.tn.it,ic.pergine2@pec.provincia.tn.it,,Statale,Normale,POINT (11.229610019936047 46.066300019652715)
21486,Nord Est,Trento,TNPS00401L,"""Marie Curie"" - Pergine Valsugana","Via San Pietro, 4",38057,G452,Pergine Valsugana,Liceo Scientifico,segr.curie.pergine@scuole.provincia.tn.it,,www.curiepergine.it,Statale,Normale,POINT (11.244469960799648 46.063239996350944)
21486,Nord Est,Trento,TNEE81402Q,"Pergine ""Don Lorenzo Milani""","Via Monte Cristallo, 4",38057,G452,Pergine Valsugana,Scuola Primaria,,,www.icpergine1.it,Statale,Normale,POINT (11.23867001907837 46.06514000616275)
637,Nord Est,Trento,TNEE80102N,"Pieve Tesino ""Alcide Degasperi""","Via Brigata Abruzzi, 6",38050,G656,Pieve Tesino,Scuola Primaria,,,www.icstrignoetesino.it,Statale,Normale,POINT (11.609176582814506 46.06908452268441)
3150,Nord Est,Trento,TNEE834054,Pinzolo - Madonna Di Campiglio,"Via Spinale, 24",38084,G681,Pinzolo,Scuola Primaria,,,icvalrendena.it,Statale,Normale,POINT (10.826370000000054 46.22721000000007)
3150,Nord Est,Trento,TNEE834043,"Pinzolo ""Nepomuceno Bolognini""","Via Leone Collini, 18",38086,G681,Pinzolo,Scuola Primaria,,,icvalrendena.it,Statale,Normale,POINT (10.765010000000075 46.159790000000044)
3150,Nord Est,Trento,TNMM83401V,"Pinzolo ""Leonardo Da Vinci""","Via L.Collini, 18",38086,G681,Pinzolo,Scuola Primo Grado,,,icvalrendena.it,Statale,Normale,POINT (10.766276732459264 46.15829003567262)
3150,Nord Est,Trento,TNIC83400T,"""Val Rendena""","Viale Della Pace, 10",38086,G681,Pinzolo,Istituto Comprensivo,segr.ic.valrendena@scuole.provincia.tn.it,ic.valrendena@pec.provincia.tn.it,,Statale,Normale,POINT (10.765652810569003 46.16003274199753)
3150,Nord Est,Trento,TNMM834031,Madonna Di Campiglio,"Viale Dolomiti Di Brenta, 81",38086,G681,Pinzolo,Scuola Primo Grado,,,icvalrendena.it,Statale,Normale,POINT (10.78921996559447 46.191910005263935)
2418,Nord Est,Trento,TNEE846027,"Pomarolo ""Remo Galvagni""","Piazzale Angheben, 3",38060,G808,Pomarolo,Scuola Primaria,,,http://www.icvillalagarina.it/,Statale,Normale,POINT (11.042710007653909 45.927700011957285)
6778,Nord Est,Trento,TNEE826033,Predaia - Taio,"Via Heroldsberg, 5",38012,M344,Predaia,Scuola Primaria,,,www.ictaio.it,Statale,Normale,POINT (11.066160000000025 46.323060000000055)
6778,Nord Est,Trento,TNIC82600V,"""Taio""","Via Heroldsberg, 3",38012,M344,Predaia,Istituto Comprensivo,segr.ictaio@scuole.provincia.tn.it,ic.taio@pec.provincia.tn.it,,Statale,Normale,POINT (11.066160000000025 46.323060000000055)
6778,Nord Est,Trento,TNMM82601X,"Predaia - Taio ""Barbacovi""","Via Heroldsberg, 3",38012,M344,Predaia,Scuola Primo Grado,,,www.ictaio.it,Statale,Normale,POINT (11.066160000000025 46.323060000000055)
6778,Nord Est,Trento,TNEE826011,Predaia - Coredo,"Via Venezia, 16",38010,M344,Predaia,Scuola Primaria,,,www.ictaio.it,Statale,Normale,POINT (11.091079959222611 46.34868998376126)
6778,Nord Est,Trento,TNMM826021,Predaia - Coredo,"Via Della Clesura, 15",38010,M344,Predaia,Scuola Primo Grado,,,www.ictaio.it,Statale,Normale,POINT (11.091840030202576 46.35007999667437)
6778,Nord Est,Trento,TNEE826055,"Predaia - Tres ""Mons.Negri""",Via Ferrari,38010,M344,Predaia,Scuola Primaria,,,www.ictaio.it,Statale,Normale,POINT (11.066160000000025 46.323060000000055)
4522,Nord Est,Trento,TNTD001509,La Rosa Bianca-Weisse Rose  Serale,"Via Gandhi, 1",38037,H018,Predazzo,Istituto Tecnico Commerciale,segr.iicavalese@scuole.provincia.tn.it,,scuolefiemme.tn.it,Statale,Percorso Ii Livello,POINT (11.602750000000071 46.31099000000006)
4522,Nord Est,Trento,TNMM80801A,"Predazzo ""Marzari Pencati""","Via Vardabasso, 3",38037,H018,Predazzo,Scuola Primo Grado,,,www.ic-predazzotesero.it,Statale,Normale,POINT (11.599412771221917 46.31200860604615)
4522,Nord Est,Trento,TNTD001011,"""La Rosa Bianca-Weisse Rose"" - Predazzo","Via Degasperi, 14",38037,H018,Predazzo,Istituto Tecnico Commerciale,,,scuolefiemme.tn.it,Statale,Normale,POINT (11.599152966402562 46.31146012881421)
4522,Nord Est,Trento,TNIC808009,Predazzo-Tesero-Panchia'-Ziano,"Corso Degasperi, 8",38037,H018,Predazzo,Istituto Comprensivo,segr.ic.predazzo@scuole.provincia.tn.it,ic.predazzo@pec.provincia.tn.it,,Statale,Normale,POINT (11.600075201849744 46.313044911654345)
4522,Nord Est,Trento,TNEE80801B,"Predazzo ""Morandini Degasperi""","Corso A.Degasperi, 8",38037,H018,Predazzo,Scuola Primaria,,,www.ic-predazzotesero.it,Statale,Normale,POINT (11.600075201849744 46.313044911654345)
1335,Nord Est,Trento,TNEE83307A,Rabbi - San Bernardo,"Frazione San Bernardo, 143/A",38020,H146,Rabbi,Scuola Primaria,,,www.icbassavaldisole.it,Statale,Normale,POINT (10.846440033449994 46.40154999513251)
1384,Nord Est,Trento,TNEE82805R,"Romeno ""Madre Teresa Calcut""","Via Mons.Luigi Rosati, 1",38010,H517,Romeno,Scuola Primaria,,,www.icfondorevo.it,Statale,Normale,POINT (11.117320010027527 46.39345999173514)
2897,Nord Est,Trento,TNEE813075,Roncegno,"Via A.Baldessari, 15",38050,H528,Roncegno Terme,Scuola Primaria,,,www.iccentrovalsugana.it,Statale,Normale,POINT (11.408689968012595 46.052070020722255)
2897,Nord Est,Trento,TNEE813086,Roncegno - Marter,"Via Della Chiesa, 14",38050,H528,Roncegno Terme,Scuola Primaria,,,www.iccentrovalsugana.it,Statale,Normale,POINT (11.392339976221479 46.03431999964374)
2897,Nord Est,Trento,TNMM81302V,"Roncegno  ""Marco Pola""","Via Francesco Meggio, 2/A",38050,H528,Roncegno Terme,Scuola Primo Grado,,,www.iccentrovalsugana.it,Statale,Normale,POINT (11.407344988634271 46.05095444597165)
2897,Nord Est,Trento,TNIC81300R,"""Centro Valsugana""","Via F.Meggio, 2/A",38050,H528,Roncegno Terme,Istituto Comprensivo,segr.ic.centrovalsugana@scuole.provincia.tn.it,ic.centrovalsugana@pec.provincia.tn.it,,Statale,Normale,POINT (11.407344988634271 46.05095444597165)
460,Nord Est,Trento,TNEE813109,Ronchi Valsugana,Via Marchi 14,38050,H532,Ronchi Valsugana,Scuola Primaria,,,www.iccentrovalsugana.it,Statale,Normale,POINT (11.435267787092267 46.06800920627712)
987,Nord Est,Trento,TNEE84903Q,Ronzo - Chienis,"Ronzo Via Del Car,  38",38060,M303,Ronzo-Chienis,Scuola Primaria,,,www.icmori.it,Statale,Normale,POINT (10.950830015796612 45.89036999078951)
39954,Nord Est,Trento,TNIS009009,"""Don Lorenzo Milani"" Rovereto",Via Balista,38068,H612,Rovereto,Istituto Superiore,segr.donmilani@scuole.provincia.tn.it,donmilani@pec.provincia.tn.it,,Statale,Normale,POINT (11.032519533520087 45.89508073731814)
39954,Nord Est,Trento,TNIC845008,"""Isera-Rovereto""","Viale Vittoria, 43",38068,H612,Rovereto,Istituto Comprensivo,segr.ic.isera_rovereto@scuole.provincia.tn.it,ic.isera-rovereto@pec.provincia.tn.it,,Statale,Normale,POINT (11.023949967242743 45.88495000073917)
39954,Nord Est,Trento,TNIC859006,"""Rovereto Nord""","Corso Bettini, 67",38068,H612,Rovereto,Istituto Comprensivo,segr.ic.roveretonord@scuole.provincia.tn.it,ic.roveretonord@pec.provincia.tn.it,,Statale,Normale,POINT (11.043500002028196 45.89612001827737)
39954,Nord Est,Trento,TNPM02000E,"""Fabio Filzi"" - Rovereto","Corso Antonio Rosmini, 61",38068,H612,Rovereto,Istituto Magistrale,segr.isup.filzi@scuole.provincia.tn.it,filzi@pec.provincia.tn.it,www.filzi.it,Statale,Normale,POINT (11.038249996974258 45.89102998184555)
39954,Nord Est,Trento,TNTF02000G,"""Guglielmo Marconi"" - Rovereto","Via Padre F.Monti, 1",38068,H612,Rovereto,Istituto Tecnico Industriale,segr.itimarconi@scuole.provincia.tn.it,marconi@pec.provincia.tn.it,www.marconirovereto.it,Statale,Normale,POINT (11.023414759438937 45.87027501103123)
39954,Nord Est,Trento,TNEE855022,"Rovereto - Lizzana ""Guella""",Via Piave,38060,H612,Rovereto,Scuola Primaria,,,https://www.icroveretosud.eu/,Statale,Normale,POINT (11.032869168919166 45.868343916160775)
39954,Nord Est,Trento,TNMM85501X,"Rovereto - Lizzana ""Halbherr""","Corso Verona, 129",38068,H612,Rovereto,Scuola Primo Grado,,,https://www.icroveretosud.eu/,Statale,Normale,POINT (11.030920022647337 45.87012999964418)
39954,Nord Est,Trento,TNPC02000A,"""Antonio Rosmini"" - Rovereto","Corso A.Bettini, 86",38068,H612,Rovereto,Liceo Classico,segr.liceorosmini@scuole.provincia.tn.it,rosmini.rovereto@pec.provincia.tn.it,www.liceorosmini.eu,Statale,Normale,POINT (11.043200013713545 45.89589001885423)
39954,Nord Est,Trento,TNIC853007,"""Rovereto Est""","Via Dante, 41",38068,H612,Rovereto,Istituto Comprensivo,segr.ic.roveretoest@scuole.provincia.tn.it,ic.roveretoest@pec.provincia.tn.it,,Statale,Normale,POINT (11.040219995677575 45.88734999107538)
39954,Nord Est,Trento,TNEE855011,"Rovereto  ""Dante Alighieri""","Via Benacense, 32",38068,H612,Rovereto,Scuola Primaria,,,https://www.icroveretosud.eu/,Statale,Normale,POINT (11.034719958451916 45.87920001516082)
39954,Nord Est,Trento,TNEE85905C,"Rovereto - Noriglio ""Chiesa""",Via Chiesa San Martino,38068,H612,Rovereto,Scuola Primaria,,,www.icroveretonord.it,Statale,Normale,POINT (11.070430566377134 45.882992409968054)
39954,Nord Est,Trento,TNTD00901G,"""Don Lorenzo Milani""- Ist.Tecn.Turist.",Via Balista,38068,H612,Rovereto,Istituto Tecnico Commerciale,milani@domir.it,,www.domir.it,Statale,Normale,POINT (11.032519533520087 45.89508073731814)
39954,Nord Est,Trento,TNEE85903A,"Rovereto ""M.K.Gandhi""","Via G. Puccini, 22",38068,H612,Rovereto,Scuola Primaria,,,www.icroveretonord.it,Statale,Normale,POINT (11.044220007510944 45.904430004723565)
39954,Nord Est,Trento,TNMM845019,"Rovereto ""Alcide Degasperi""","Viale Vittoria, 43",38068,H612,Rovereto,Scuola Primo Grado,,,www.isera-rovereto.it,Statale,Normale,POINT (11.023949967242743 45.88495000073917)
39954,Nord Est,Trento,TNMM853018,"Rovereto ""Damiano Chiesa""","C.So Rosmini, 86",38068,H612,Rovereto,Scuola Primo Grado,,,www.roveretoest.it,Statale,Normale,POINT (11.036609993798947 45.890870013223434)
39954,Nord Est,Trento,TNTD02050P,Felice Gregorio Fontana Rovereto Serale,"Via Del Teatro, 4",38068,H612,Rovereto,Istituto Tecnico Commerciale,segreteria@fgfontana.eu,,www.fgfontana.eu,Statale,Percorso Ii Livello,POINT (11.041850024388111 45.893250012720586)
39954,Nord Est,Trento,TNEE85302A,"Rovereto ""Regina Elena""","Via Dante, 142",38068,H612,Rovereto,Scuola Primaria,,,www.roveretoest.it,Statale,Normale,POINT (11.04042378766787 45.88598324077311)
39954,Nord Est,Trento,TNMM859017,"Rovereto ""Negrelli""","C.So Bettini, 67",38068,H612,Rovereto,Scuola Primo Grado,,,www.icroveretonord.it,Statale,Normale,POINT (11.043500002028196 45.89612001827737)
39954,Nord Est,Trento,TNCT70100B,Educazione Adulti I Ciclo Rovereto,Via Balista,38068,H612,Rovereto,Centro Territoriale,,,,Statale,Normale,POINT (11.032519533520087 45.89508073731814)
39954,Nord Est,Trento,TNSD020011,"Liceo Arti ""Vittoria Bonporti Depero""","Via Delle Fosse, 9",38068,H612,Rovereto,Istituto D'Arte,info@istitutodellearti.tn.it,,www.istitutodellearti.tn.it,Statale,Normale,POINT (11.045990014004502 45.887219987757135)
39954,Nord Est,Trento,TNRC00951N,"""Don Lorenzo Milani""- Rovereto-Serale",Via Balista,38068,H612,Rovereto,Ist Prof Per I Servizi Commerciali E Turistici,milani@domir.it,,www.domir.it,Statale,Percorso Ii Livello,POINT (11.032519533520087 45.89508073731814)
39954,Nord Est,Trento,TNEE84502B,"Rovereto  ""F.Lli Filzi""","Via Unione, 23",38068,H612,Rovereto,Scuola Primaria,,,www.isera-rovereto.it,Statale,Normale,POINT (11.0242600138412 45.88839999208619)
39954,Nord Est,Trento,TNTD00950X,"""Don Milani"" -Is.Tec.Turist. Serale",Via Balista,38068,H612,Rovereto,Istituto Tecnico Commerciale,milani@domir.it,,www.domir.it,Statale,Percorso Ii Livello,POINT (11.032519533520087 45.89508073731814)
39954,Nord Est,Trento,TNIC85500V,"""Rovereto Sud""","Via Benacense, 32",38068,H612,Rovereto,Istituto Comprensivo,segr.ic.roveretosud@scuole.provincia.tn.it,ic.roveretosud@pec.provincia.tn.it,,Statale,Normale,POINT (11.034719958451916 45.87920001516082)
39954,Nord Est,Trento,TNTF020501,Guglielmo Marconi  Rovereto Serale,"Via F. Monti, 1",38068,H612,Rovereto,Istituto Tecnico Industriale,segr.itimarconi@scuole.provincia.tn.it,,www.marconirovereto.it,Statale,Percorso Ii Livello,POINT (11.023414759438937 45.87027501103123)
39954,Nord Est,Trento,TNRC009018,"""Don Lorenzo Milani"" - Rovereto",Via  Balista,38068,H612,Rovereto,Ist Prof Per I Servizi Commerciali E Turistici,milani@domir.it,,www.domir.it,Statale,Normale,POINT (11.032519533520087 45.89508073731814)
39954,Nord Est,Trento,TNTD020009,"""Felice E Gregorio Fontana"" - Rovereto","Via Del Teatro, 4",38068,H612,Rovereto,Ist Tec Commerciale E Per Geometri,segr.fontana@scuole.provincia.tn.it,fontana@pec.provincia.tn.it,www.fgfontana.eu,Statale,Normale,POINT (11.041850024388111 45.893250012720586)
39954,Nord Est,Trento,TNEE855033,"Rovereto - Marco ""Rosmini""","Via 2 Novembre, 57",38060,H612,Rovereto,Scuola Primaria,,,https://www.icroveretosud.eu/,Statale,Normale,POINT (11.007820000409993 45.841789988727214)
39954,Nord Est,Trento,TN1M00200X,"Collegio Arcivescovile ""Dame Inglesi""",Corso Bettini 31,38068,H612,Rovereto,Scuola Sec. Primo Grado ,dameinglesi@arcivescoviletrento.it,,,Paritaria,Paritaria,POINT (11.043899986447713 45.89238998754527)
39954,Nord Est,Trento,TN1E006002,"Collegio Arcivescovile ""Dame Inglesi""",Corso Bettini 71,38068,H612,Rovereto,Scuola Primaria ,dame_inglesi@arcivescoviletrento.it,,,Paritaria,Paritaria,POINT (11.043330017031792 45.89686998906399)
39954,Nord Est,Trento,TNPSID500S,Liceo Steam International,Via Fortunato Zeni 8,38068,H612,Rovereto,Scuola Sec. Secondo Grado ,,,,Paritaria,Paritaria,POINT (11.043310000000076 45.88713000000007)
39954,Nord Est,Trento,TN1E00700T,"""La Vela""",Via Saibanti 6/A,38068,H612,Rovereto,Scuola Primaria ,segreteria@scuolaveronesi.it,,,Paritaria,Paritaria,POINT (11.043310000000076 45.88713000000007)
39954,Nord Est,Trento,TN1M00900P,"""La Vela""",Via Balista 19,38068,H612,Rovereto,Scuola Sec. Primo Grado ,segreteria@scuolaveronesi.it,,,Paritaria,Paritaria,POINT (11.030887983617712 45.896040417822284)
39954,Nord Est,Trento,TNPL005006,Arcivescovile-Dame Inglesi,Corso Bettini 71,38068,H612,Rovereto,Scuola Sec. Secondo Grado ,lia@arcivescoviletrento.it,,,Paritaria,Paritaria,POINT (11.043330017031792 45.89686998906399)
813,Nord Est,Trento,TNEE83103E,Rumo - Mione,"Mione, 54",38020,H639,Rumo,Scuola Primaria,,,www.iccles.it,Statale,Normale,POINT (11.029399964506467 46.43719001507256)
2055,Nord Est,Trento,TNEE80104Q,Samone,"Via Nuova Superiore, 11",38050,H754,Samone,Scuola Primaria,,,www.icstrignoetesino.it,Statale,Normale,POINT (11.522310018317 46.08178998626852)
1554,Nord Est,Trento,TNEE83705G,San G. Bosco S. Lorenzo in Banale,"Via di Prato, San Lorenzo, 15/A",38078,M345,San Lorenzo Dorsino,Scuola Primaria,,,www.giudicariescuola.it,Statale,Normale,POINT (10.910060000000044 46.07634000000007)
1120,Nord Est,Trento,TNEE81406X,Sant'Orsola,"Loc. Pintarei, 61",38050,I354,Sant'Orsola Terme,Scuola Primaria,,,www.icpergine1.it,Statale,Normale,POINT (11.302276621738205 46.10784955234538)
916,Nord Est,Trento,TNEE828103,Sanzeno,"Fraz. Banco, 98",38010,I411,Sanzeno,Scuola Primaria,,,www.icfondorevo.it,Statale,Normale,POINT (11.070679999455194 46.36877998074925)
794,Nord Est,Trento,TNEE82807V,Sarnonico,"Via A.Manzoni, 7",38010,I439,Sarnonico,Scuola Primaria,,,www.icfondorevo.it,Statale,Normale,POINT (11.13862001855793 46.420270011956006)
1373,Nord Est,Trento,TNEE80105R,Scurelle,"Via Quindici Agosto, 46",38050,I554,Scurelle,Scuola Primaria,,,www.icstrignoetesino.it,Statale,Normale,POINT (11.511589983250758 46.064450007893356)
1403,Nord Est,Trento,TNEE82207X,Segonzano,"Fraz. Scancio, 68",38047,I576,Segonzano,Scuola Primaria,,,www.iccembra.it,Statale,Normale,POINT (11.258442065801763 46.18969614991451)
1403,Nord Est,Trento,TNMM82202N,Segonzano,"Loc. Scancio, 68",38047,I576,Segonzano,Scuola Primo Grado,,,www.iccembra.it,Statale,Normale,POINT (11.258442065801763 46.18969614991451)
2894,Nord Est,Trento,TNMM83602G,Sella Giudicarie - Roncone,"Via 3 Novembre, 22/A",38087,M360,Sella Giudicarie,Scuola Primo Grado,,,www.ictione.tn.it,Statale,Normale,POINT (10.668310006460331 45.98293998091617)
2894,Nord Est,Trento,TNEE83601G,Sella Giudicarie - Breguzzo,"Via G. Marconi, 5",38081,M360,Sella Giudicarie,Scuola Primaria,,,www.ictione.tn.it,Statale,Normale,POINT (10.699551102991443 46.00948790491661)
2894,Nord Est,Trento,TNEE83605Q,Sella Giudicarie - Roncone,"Via 3 Novembre, 22",38087,M360,Sella Giudicarie,Scuola Primaria,,,www.ictione.tn.it,Statale,Normale,POINT (10.668310006460331 45.98293998091617)
785,Nord Est,Trento,TNEE822081,"Sover ""Pio Sartori""","P.Zza S. Lorenzo, 10",38048,I871,Sover,Scuola Primaria,,,www.iccembra.it,Statale,Normale,POINT (11.315480019578473 46.22130999165648)
1244,Nord Est,Trento,TNEE834065,"Spiazzo ""Silvio Massari""",Piazza San Vigilio,38088,I899,Spiazzo,Scuola Primaria,,,icvalrendena.it,Statale,Normale,POINT (10.73825635677398 46.102321931404674)
1244,Nord Est,Trento,TNMM83402X,"Spiazzo""Baschenis De Averaria""","Via San Vigilio, 31",38088,I899,Spiazzo,Scuola Primo Grado,,,icvalrendena.it,Statale,Normale,POINT (10.738130006528628 46.10213203560585)
1258,Nord Est,Trento,TNMM82404B,Spormaggiore,"Via Municipio, 87",38010,I924,Spormaggiore,Scuola Primo Grado,,,www.icmezzolombardo.it,Statale,Normale,POINT (11.047960000000046 46.21795000000003)
1258,Nord Est,Trento,TNEE82408L,"Spormaggiore ""S.Giovanni Bosco""",Via Municipio. 87,38010,I924,Spormaggiore,Scuola Primaria,,,www.icmezzolombardo.it,Statale,Normale,POINT (11.047960000000046 46.21795000000003)
1178,Nord Est,Trento,TNEE83706L,"Stenico ""Giorgio Graffer""","Via Risorgimento, 11/A",38070,I949,Stenico,Scuola Primaria,,,www.giudicariescuola.it,Statale,Normale,POINT (10.853747068407069 46.051565630740974)
4534,Nord Est,Trento,TNEE83804A,"Storo ""Padre Cipriano Gnesotti""","Via S.Floriano, 43",38089,I964,Storo,Scuola Primaria,,,www.istitutodelchiese.it,Statale,Normale,POINT (10.57647586361341 45.85153713629188)
4534,Nord Est,Trento,TNEE83806C,Storo - Lodrone,"Via 24 Maggio, 88",38080,I964,Storo,Scuola Primaria,,,www.istitutodelchiese.it,Statale,Normale,POINT (10.699480041255924 46.007450006905685)
4534,Nord Est,Trento,TNIC838005,"""Del Chiese""","Via Papaleoni, 51",38089,I964,Storo,Istituto Comprensivo,segr.ic.chiese@scuole.provincia.tn.it,ic.chiese-storo@pec.provincia.tn.it,,Statale,Normale,POINT (10.573133443012876 45.849668047800606)
4534,Nord Est,Trento,TNMM838016,"Storo ""Giacomo Leopardi""","Via Papaleoni, 5",38089,I964,Storo,Scuola Primo Grado,,,istitutodelchiese.it,Statale,Normale,POINT (10.575640020228747 45.84943000965259)
1898,Nord Est,Trento,TNMM81301T,"Telve ""Don Lorenzo Milani""","Via Per Borgo, 2/B",38050,L089,Telve,Scuola Primo Grado,,,www.iccentrovalsugana.it,Statale,Normale,POINT (11.47820000139913 46.06972000378636)
1898,Nord Est,Trento,TNEE81302X,Telve,"Via G.Giusti, 5",38050,L089,Telve,Scuola Primaria,,,www.iccentrovalsugana.it,Statale,Normale,POINT (11.477819965909163 46.070210009845994)
1051,Nord Est,Trento,TNEE818045,Tenna,"Via Albere', 2",38050,L096,Tenna,Scuola Primaria,,,http://www.iclevico.eu,Statale,Normale,POINT (11.266438917963063 46.01317917089127)
1992,Nord Est,Trento,TNEE84202X,"Tenno ""Orlando Lucchi""","Via Dei Laghi, 47",38060,L097,Tenno,Scuola Primaria,,,http://www.riva2.it,Statale,Normale,POINT (10.829424965089501 45.921537228636254)
696,Nord Est,Trento,TNEE85304C,Terragnolo,"Loc. Piazza, 18",38060,L121,Terragnolo,Scuola Primaria,,,www.roveretoest.it,Statale,Normale,POINT (11.151648926520599 45.879270364989935)
2935,Nord Est,Trento,TNMM80802B,"Tesero ""Giovanni Alberti""","Via Fia, 11/A",38038,L147,Tesero,Scuola Primo Grado,,,www.ic-predazzotesero.it,Statale,Normale,POINT (11.513039968681085 46.29010001956024)
2935,Nord Est,Trento,TNEE80804E,"Tesero ""Giovanni Manega""","Via Fia, 11",38038,L147,Tesero,Scuola Primaria,,,www.ic-predazzotesero.it,Statale,Normale,POINT (11.513039968681085 46.29010001956024)
1321,Nord Est,Trento,TNEE82905L,"Ton - Vigo ""Don Giovanni Bosco""","P.Zza F.Guardi, 7",38010,L200,Ton,Scuola Primaria,,,www.icbassaanaunia.it,Statale,Normale,POINT (11.084656393275917 46.26534344863797)
1468,Nord Est,Trento,TNEE85305D,Trambileno - Moscheri,Loc. Moscheri,38068,L322,Trambileno,Scuola Primaria,,,www.roveretoest.it,Statale,Normale,POINT (11.072790000000055 45.86916000000008)
1404,Nord Est,Trento,TNEE83602L,Tre Ville - Ragoli,"Via Roma, 5",38070,M361,Tre Ville,Scuola Primaria,,,www.ictione.tn.it,Statale,Normale,POINT (10.778185500542 46.05395323642396)
118879,Nord Est,Trento,TNEE85603V,Trento - Ravina,"Via Delle Masere, 5",38040,L378,Trento,Scuola Primaria,,,www.ictrento3.it,Statale,Normale,POINT (11.108269985349978 46.03794999236146)
118879,Nord Est,Trento,TNMM29100R,"Ann.Ist.Arte""Vittoria"" Trento","Viale Degli Olmi, 26",38123,L378,Trento,Scuola Primo Grado,info@istitutodellearti.tn.it,vittoria@pec.provincia.tn.it,www.ictn4.it,Statale,Ann. A Istituto Arte,POINT (11.133119981332271 46.0500400075922)
118879,Nord Est,Trento,TNMM85201C,"Trento ""Giacomo Bresadola""","Via Torrione, 2",38122,L378,Trento,Scuola Primo Grado,,,www.istitutotrento5.tn.it,Statale,Normale,POINT (11.121799969636754 46.06532998199822)
118879,Nord Est,Trento,TNMM85601Q,"Trento ""Bronzetti-Segantini""","Via Vittorio Veneto, 61",38122,L378,Trento,Scuola Primo Grado,,,www.ictrento3.it,Statale,Normale,POINT (11.124549988249584 46.059260017266155)
118879,Nord Est,Trento,TNMM820011,"Trento-Cognola""Dell'Argentario""","Via Ponte Alto, 2/1",38121,L378,Trento,Scuola Primo Grado,,,www.icomenius.it,Statale,Normale,POINT (11.144509981919327 46.074959992466006)
118879,Nord Est,Trento,TNEE81901T,"Trento - Povo ""U. Moggioli""","Via Dei Rivi, 6",38050,L378,Trento,Scuola Primaria,,,www.ictrento1.it,Statale,Normale,POINT (11.15356998106165 46.06404000709952)
118879,Nord Est,Trento,TNMM21100X,"""F.A. Bonporti"" Conv.Conserv.Tn","Piazza Garzetti,25",38122,L378,Trento,Scuola Primo Grado,segr.ic.tn5@scuole.provincia.tn.it,ic.tn5@pec.provincia.tn.it,www.istitutotrento5.it,Statale,Ann. A Conservatorio,POINT (11.124290967926752 46.06574444359323)
118879,Nord Est,Trento,TNTD18000T,"""A. Tambosi"" - Trento","Via Brigata Acqui, 19",38122,L378,Trento,Istituto Tecnico Commerciale,segr.tambositn@scuole.provincia.tn.it,tambosibattisti@pec.provincia.tn.it,www.scuoleprimiero.it,Statale,Normale,POINT (11.128280018981684 46.06507001727124)
118879,Nord Est,Trento,TNEE85702N,Trento Madonna Bianca,"Via C.Menguzzato, 89",38100,L378,Trento,Scuola Primaria,,,www.ictrento4.it,Statale,Normale,POINT (11.119290000000035 46.07005000000004)
118879,Nord Est,Trento,TNIC81900Q,"""Trento 1""","Via Znojmo, 24",38123,L378,Trento,Istituto Comprensivo,segr.ic.tn1@scuole.provincia.tn.it,ic.trento1@pec.provincia.tn.it,,Statale,Normale,POINT (11.15074997355731 46.05342998451246)
118879,Nord Est,Trento,TNEE85802D,"Trento Cristo Re ""Aldo Schmid""","Via Lavisotto, 79",38100,L378,Trento,Scuola Primaria,,,www.istitutocomprensivotrento6.it,Statale,Normale,POINT (11.115177358488955 46.08493403569939)
118879,Nord Est,Trento,TNEE821041,Trento - Mattarello,"Via Guido Poli, 11",38123,L378,Trento,Scuola Primaria,,,www.icaldenomattarello.it,Statale,Normale,POINT (11.128689977865974 46.005970014262004)
118879,Nord Est,Trento,TNEE85202E,"Trento ""Francesco Crispi""","Via S.Giovanni Bosco, 4",38100,L378,Trento,Scuola Primaria,,,www.istitutotrento5.it,Statale,Normale,POINT (11.124939998204326 46.0647600125823)
118879,Nord Est,Trento,TNMM85701G,"Trento ""Othmar Winkler""","Viale Degli Olmi, 22",38123,L378,Trento,Scuola Primo Grado,,,www.ictrento4.it,Statale,Normale,POINT (11.13300003629783 46.04925998768269)
118879,Nord Est,Trento,TNPS01000V,"""Galileo Galilei"" - Trento","Viale N.Bolognini, 88",38122,L378,Trento,Liceo Scientifico,segr.liceogalilei@scuole.provincia.tn.it,galilei@pec.provincia.tn.it,www.lsgalilei.tn.org,Statale,Normale,POINT (11.126267461941216 46.06760915238515)
118879,Nord Est,Trento,TNIC82000X,"""Trento 2""","Via Ponte Alto, 2/1",38121,L378,Trento,Istituto Comprensivo,segr.ictn2@scuole.provincia.tn.it,ic.comenius@pec.provincia.tn.it,,Statale,Normale,POINT (11.144509981919327 46.074959992466006)
118879,Nord Est,Trento,TNPM010509,"""Antonio Rosmini"" - Trento -Serale","Via B.Malfatti, 2",38100,L378,Trento,Istituto Magistrale,segr.rosmini.tn@scuole.provincia.tn.it,,www.rosmini.tin.it,Statale,Percorso Ii Livello,POINT (11.125560007582209 46.06115001070367)
118879,Nord Est,Trento,TNIC85600P,"""Trento 3""","Via Vittorio Veneto, 61",38122,L378,Trento,Istituto Comprensivo,segr.ic.tn3@scuole.provincia.tn.it,ic.trento3@pec.provincia.tn.it,,Statale,Normale,POINT (11.124549988249584 46.059260017266155)
118879,Nord Est,Trento,TNEE85101N,"Trento - Meano ""De Carli""","Via Delle 3 Croci, 40",38040,L378,Trento,Scuola Primaria,,,www.trento7.it,Statale,Normale,POINT (11.115359985788984 46.124860018549896)
118879,Nord Est,Trento,TNEE820045,"Trento-San Vito ""R. Belenzani""","San Vito, 169",38121,L378,Trento,Scuola Primaria,,,www.icomenius.it,Statale,Normale,POINT (11.139670019568712 46.07410000920021)
118879,Nord Est,Trento,TNEE85806N,"Trento-Sardagna ""A. Degasperi""","Loc. Sardagna, 128",38040,L378,Trento,Scuola Primaria,,,www.istitutocomprensivotrento6.it,Statale,Normale,POINT (11.119290000000035 46.07005000000004)
118879,Nord Est,Trento,TNTD180507,"""A. Tambosi "" - Trento - Serale","Via Brigata Acqui, 19",38122,L378,Trento,Istituto Tecnico Commerciale,,,www.scuoleprimiero.it,Statale,Percorso Ii Livello,POINT (11.128280018981684 46.06507001727124)
118879,Nord Est,Trento,TNEE85701L,Trento Clarina,"Via L. Einaudi, 13",38100,L378,Trento,Scuola Primaria,,,www.ictrento4.it,Statale,Normale,POINT (11.126719979162658 46.052070020722255)
118879,Nord Est,Trento,TNIC82100Q,"""Aldeno-Mattarello""","Via Torre Franca, 1",38123,L378,Trento,Istituto Comprensivo,segr.aldeno.mattarello@scuole.provincia.tn.it,ic.aldeno-mattarello@pec.provincia.tn.it,,Statale,Normale,POINT (11.130880001527657 46.00684998836687)
118879,Nord Est,Trento,TNEE85604X,"Trento ""Aurelio Nicolodi""","Via A.Fogazzaro, 2",38100,L378,Trento,Scuola Primaria,,,www.ictrento3.it,Statale,Normale,POINT (11.129260031100955 46.05567000622659)
118879,Nord Est,Trento,TNPS02000D,"""Leonardo Da Vinci"" - Trento","Via Giusti, 1/1",38122,L378,Trento,Liceo Scientifico,segr.liceodavinci@scuole.provincia.tn.it,davinci@pec.provincia.tn.it,www.liceodavincitn.it,Statale,Normale,POINT (11.119710025898968 46.06256001445584)
118879,Nord Est,Trento,TNPC04000G,"""Giovanni Prati"" - Trento","Via Santissima Trinita', 38",38122,L378,Trento,Liceo Classico,liceoprati@scuole.provincia.tn.it,prati@pec.provincia.tn.it,www.liceoprati.it,Statale,Normale,POINT (11.12438000325318 46.06645998827483)
118879,Nord Est,Trento,TNEE85201D,"Trento ""Raffaello Sanzio""","Piazza R.Sanzio, 13",38100,L378,Trento,Scuola Primaria,,,www.istitutotrento5.it,Statale,Normale,POINT (11.12533998262387 46.07221999022747)
118879,Nord Est,Trento,TNEE82101T,Trento - Romagnano,"V.Santa Brigida,6",38123,L378,Trento,Scuola Primaria,,,www.icaldenomattarello.it,Statale,Normale,POINT (11.104259999051806 46.01918001939504)
118879,Nord Est,Trento,TNEE85103Q,"Trento - Gardolo ""Pigarelli""","Via Iv Novembre, 42/1",38014,L378,Trento,Scuola Primaria,,,www.trento7.it,Statale,Normale,POINT (11.119290000000035 46.07005000000004)
118879,Nord Est,Trento,TNPM01000X,"""Antonio Rosmini"" - Trento","Via B.Malfatti, 2",38122,L378,Trento,Istituto Magistrale,segr.rosmini.tn@scuole.provincia.tn.it,rosmini.trento@pec.provincia.tn.it,www.rosmini.tn.it,Statale,Normale,POINT (11.125560007582209 46.06115001070367)
118879,Nord Est,Trento,TNEE85204L,"Trento  Solteri ""Aldo Gorfer""","Via Solteri, 22",38100,L378,Trento,Scuola Primaria,,,www.istitutotrento5.it,Statale,Normale,POINT (11.11998998146504 46.08797000538928)
118879,Nord Est,Trento,TNIC85700E,"""Trento 4""","Piazzale Europa, 4",38123,L378,Trento,Istituto Comprensivo,segr.ictn4@scuole.provincia.tn.it,ic.trento4@pec.provincia.tn.it,,Statale,Normale,POINT (11.134060011773386 46.03971999885502)
118879,Nord Est,Trento,TNEE820034,"Trento-Martignano ""R.Zandonai""","Piazza G. Menghin, 1",38040,L378,Trento,Scuola Primaria,,,www.icomenius.it,Statale,Normale,POINT (11.131649963153365 46.090230017942474)
118879,Nord Est,Trento,TNTL013513,"""M. Buonarroti"" - Trento - Serale","Via Brigata Acqui, 15",38122,L378,Trento,Istituto Tecnico Per Geometri,,,www.buonarroti.tn.it,Statale,Percorso Ii Livello,POINT (11.128970017251078 46.06632001049181)
118879,Nord Est,Trento,TNEE85102P,"Trento - Vigo Meano ""Calvino""",Via Oselere,38040,L378,Trento,Scuola Primaria,,,www.trento7.it,Statale,Normale,POINT (11.119290000000035 46.07005000000004)
118879,Nord Est,Trento,TNEE85805L,"Trento - Sopramonte ""Pertini""",Loc. Sopramonte,38070,L378,Trento,Scuola Primaria,,,www.istitutocompresivotrento6.it,Statale,Normale,POINT (11.05845000000005 46.071210000000065)
118879,Nord Est,Trento,TNEE85801C,"Trento ""Beato S.Bellesini""","Via A.Stoppani, 3",38100,L378,Trento,Scuola Primaria,,,www.istitutocomprensivotrento6.it,Statale,Normale,POINT (11.120479987524675 46.077430013603276)
118879,Nord Est,Trento,TNEE705013,Casa Circondariale,"Via Beccaria, 13",38121,L378,Trento,Scuola Primaria,,,www.istituti.vivoscuola.it/sanzio/default1.htm,Statale,Spec. Per Carcerari,POINT (11.096219993706882 46.12739001220436)
118879,Nord Est,Trento,TNMM82102T,"Trento - Mattarello ""Fogazzaro""","Via Torre Franca, 1",38123,L378,Trento,Scuola Primo Grado,,,www.istituti.vivoscuola.it/spaziowebmediemattarello/medie_mat,Statale,Normale,POINT (11.130880001527657 46.00684998836687)
118879,Nord Est,Trento,TNIC85100G,"""Trento 7""","Via 4 Novembre, 35/1",38121,L378,Trento,Istituto Comprensivo,segr.ic.tn7@scuole.provincia.tn.it,ic.trento7@pec.provincia.tn.it,,Statale,Normale,POINT (11.113659968186937 46.104159986648796)
118879,Nord Est,Trento,TNEE85804G,G.A. Slop Von Cadenberg,"Via di Coltura, 7",38070,L378,Trento,Scuola Primaria,,,www.istitutocomprensivotrento6.it,Statale,Normale,POINT (11.065659993824397 46.08941001635483)
118879,Nord Est,Trento,TNEE85104R,"Trento - Gardolo ""Sant'Anna""","Via Sant'Anna, 3",38014,L378,Trento,Scuola Primaria,,,www.trento7.it,Statale,Normale,POINT (11.111010029498033 46.109140010601436)
118879,Nord Est,Trento,TNIC85800A,"""Trento 6""","Corso Buonarroti, 50",38122,L378,Trento,Istituto Comprensivo,segr.ic.tn6@scuole.provincia.tn.it,ic.trento6@pec.provincia.tn.it,,Statale,Normale,POINT (11.117659980020335 46.07269997991281)
118879,Nord Est,Trento,TNCT70500P,Educazione Adulti I Ciclo Trento,"Via B. Malfatti, 2",38122,L378,Trento,Centro Territoriale,,,,Statale,Normale,POINT (11.125560007582209 46.06115001070367)
118879,Nord Est,Trento,TNEE85602T,"Trento ""De Gaspari""","Via R.Zandonai, 4",38100,L378,Trento,Scuola Primaria,,,www.ictrento3.it,Statale,Normale,POINT (11.119420012049119 46.055320019859494)
118879,Nord Est,Trento,TNEE820023,"Trento ""Istituto Casa Serena""","Via Campanelle, 27",38050,L378,Trento,Scuola Primaria,,,www.icomenius.it,Statale,Normale,POINT (11.145429979611862 46.07239001713339)
118879,Nord Est,Trento,TNMM85101L,"Trento - Gardolo ""Pedrolli""","Via 4 Novembre, 35/1",38121,L378,Trento,Scuola Primo Grado,,,www.trento7.it,Statale,Normale,POINT (11.113659968186937 46.104159986648796)
118879,Nord Est,Trento,TNIS013001,"""M. Buonarroti""","Via Brigata Acqui, 15",38122,L378,Trento,Istituto Superiore,istituto.tecnico@buonarroti.tn.it,buonarroti@pec.provincia.tn.it,,Statale,Normale,POINT (11.128970017251078 46.06632001049181)
118879,Nord Est,Trento,TNTF01351V,"""M. Buonarroti"" - Trento Serale","Via Brigata Acqui, 15",38122,L378,Trento,Istituto Tecnico Industriale,,,www.g-floriani.it,Statale,Percorso Ii Livello,POINT (11.128970017251078 46.06632001049181)
118879,Nord Est,Trento,TNPS11000Q,"Linguistico ""Sophie Magdalena Scholl"" Tn","Via Mattioli, 8",38122,L378,Trento,Liceo Scientifico,segr.linguisticotrento@scuole.provincia.tn.it,linguisticotrento@pec.provincia.tn.it,www.linguisticotrento.it,Statale,Normale,POINT (11.122389971801255 46.05918998646513)
118879,Nord Est,Trento,TNEE85703P,"Tn-Osp.Le Inf.""Santa Chiara""",Largo Medaglie D'Oro 9,38123,L378,Trento,Scuola Primaria,,,www.ictrento4.it,Statale,C/O Ist. Ospedaliero,POINT (11.133210000000076 46.056620000000066)
118879,Nord Est,Trento,TNMM85801B,"Trento ""Alessandro Manzoni""","Corso Buonarroti, 50",38122,L378,Trento,Scuola Primo Grado,,,www.istitutocomprensivotrento6.it,Statale,Normale,POINT (11.117659980020335 46.07269997991281)
118879,Nord Est,Trento,TNEE85803E,"Trento Vela ""San Vigilio""","Via Ss.Cosma E Damiano, 3",38100,L378,Trento,Scuola Primaria,,,www.istitutocomprensivotrento6.it,Statale,Normale,POINT (11.100700037135141 46.08319999002069)
118879,Nord Est,Trento,TNSD02000X,"Liceo Arti ""Vittoria Bonporti Depero""","Via Zambra, 3",38121,L378,Trento,Istituto D'Arte,info@istitutodellearti.tn.it,vittoria@pec.provincia.tn.it,www.istitutodellearti.tn.it,Statale,Scuola Annessa,POINT (11.119290000000035 46.07005000000004)
118879,Nord Est,Trento,TNEE81902V,"Trento - Villazzano ""G.Tomasi""","Salita Dei Molini, 3",38050,L378,Trento,Scuola Primaria,,,www.ictrento1.it,Statale,Normale,POINT (11.146860016112612 46.04690002093412)
118879,Nord Est,Trento,TNTL01301N,"""M. Buonarroti"" - Trento","Via Brigata Acqui, 15",38122,L378,Trento,Istituto Tecnico Per Geometri,,,www.scuolefiemme.tn.it,Statale,Normale,POINT (11.128970017251078 46.06632001049181)
118879,Nord Est,Trento,TNIC85200B,"""Trento 5""","P.Zza Raffaelo Sanzio, 13",38122,L378,Trento,Istituto Comprensivo,segr.ic.tn5@scuole.provincia.tn.it,ic.tn5@pec.provincia.tn.it,,Statale,Normale,POINT (11.12533998262387 46.07221999022747)
118879,Nord Est,Trento,TNEE85601R,"Trento ""Domenico Savio""","Via S.Pio X, 103",38100,L378,Trento,Scuola Primaria,,,www.ictrento3.it,Statale,Normale,POINT (11.121109971367332 46.053529980617355)
118879,Nord Est,Trento,TNEE820012,"Trento - Cognola ""E. Bernardi""","Via Ponte Alto, 1",38050,L378,Trento,Scuola Primaria,,,www.icomenius.it,Statale,Normale,POINT (11.14581970141878 46.07436164414971)
118879,Nord Est,Trento,TNMM81901R,"Trento-Povo ""Giovanni Pascoli""","Via Znojmo, 24",38050,L378,Trento,Scuola Primo Grado,,,www.ictrento1.it,Statale,Normale,POINT (11.15074997355731 46.05342998451246)
118879,Nord Est,Trento,TNTF01301D,"""M. Buonarroti"" - Trento","Via Brigata Acqui, 15",38122,L378,Trento,Istituto Tecnico Industriale,,,www.buonarroti.tn.it,Statale,Normale,POINT (11.128970017251078 46.06632001049181)
118879,Nord Est,Trento,TNPS015002,"Collegio Arcivescovile ""Celestino Endrici""",Via Celestino Endrici 23,38100,L378,Trento,Scuola Sec. Secondo Grado ,didatticatn@arcivescoviletrento.it,,,Paritaria,Paritaria,POINT (11.121540000000039 46.062140000000056)
118879,Nord Est,Trento,TN1M00400G,"Collegio Arcivescovile ""Celestino Endrici""",Via Celestino Endrici 23,38100,L378,Trento,Scuola Sec. Primo Grado ,erikapedri@arcivescoviletrento.it,,,Paritaria,Paritaria,POINT (11.121540000000039 46.062140000000056)
118879,Nord Est,Trento,TN1E005006,"Istituto ""Sacra Famiglia""",Via Saluga 7,38100,L378,Trento,Scuola Primaria ,sacrafamigliatrento@pssf.it,,,Paritaria,Paritaria,POINT (11.12949220981892 46.07070454213334)
118879,Nord Est,Trento,TN1E00100V,"Collegio Arcivescovile ""Celestino Endrici""",Via Celestino Endrici 23,38100,L378,Trento,Scuola Primaria ,erikapedri@arcivescoviletrento.it,,,Paritaria,Paritaria,POINT (11.121540000000039 46.062140000000056)
118879,Nord Est,Trento,TNPM015003,"Istituto ""Sacro Cuore""",P.Zza Santa Teresa Verzeri 4,38100,L378,Trento,Scuola Sec. Secondo Grado ,info@istitutosacrocuore.it,,,Paritaria,Paritaria,POINT (11.119789989255281 46.067620001764794)
118879,Nord Est,Trento,TN1M00500B,"Istituto Salesiano ""Maria Ausiliatrice""",Via Barbacovi 22,38100,L378,Trento,Scuola Sec. Primo Grado ,segreteria@sdbtrento.it,,,Paritaria,Paritaria,POINT (11.127330014075767 46.06499001200544)
118879,Nord Est,Trento,TN1M007003,"Associazione Pedagogica ""Rudolf Steiner""",Via Conci 86,38100,L378,Trento,Scuola Sec. Primo Grado ,segreteria@scuolasteiner-trento.it,,,Paritaria,Paritaria,POINT (11.138710040198049 46.040709985439065)
118879,Nord Est,Trento,TN1E00300E,"Istituto ""Sacro Cuore""",Piazza Santa Teresa Verzeri 4,38100,L378,Trento,Scuola Primaria ,istitutocomprensivo@istitutosacrocuore.it,,,Paritaria,Paritaria,POINT (11.119789989255281 46.067620001764794)
118879,Nord Est,Trento,TNPC01500V,"Collegio Arcivescovile ""Celestino Endrici""",Via Celestino Endrici 23,38100,L378,Trento,Scuola Sec. Secondo Grado ,didatticatn@arcivescoviletrento.it,,,Paritaria,Paritaria,POINT (11.121540000000039 46.062140000000056)
118879,Nord Est,Trento,TNTD035003,"Istituto ""Sacro Cuore""",Piazza Santa Teresa Verzeri 4,38100,L378,Trento,Scuola Sec. Secondo Grado ,info@istitutosacrocuore.it,,,Paritaria,Paritaria,POINT (11.119789989255281 46.067620001764794)
118879,Nord Est,Trento,TNTD37500F,"Collegio Arcivescovile ""Celestino Endrici""",Via Celestino Endrici 23,38122,L378,Trento,Scuola Sec. Secondo Grado ,,,,Paritaria,Paritaria,POINT (11.121540000000039 46.062140000000056)
118879,Nord Est,Trento,TN1E00900D,"Associazione Pedagogica ""Rudolf Steiner""",Via Conci 86,38100,L378,Trento,Scuola Primaria ,segreteria@scuolasteiner-trento.it,,,Paritaria,Paritaria,POINT (11.138710040198049 46.040709985439065)
118879,Nord Est,Trento,TNPL085003,"Collegio Arcivescovile ""Celestino Endrici""",Via Celestino Endrici 23,38100,L378,Trento,Scuola Sec. Secondo Grado ,didatticatn@arcivescoviletrento.it,,,Paritaria,Paritaria,POINT (11.121540000000039 46.062140000000056)
118879,Nord Est,Trento,TN1M006007,"Istituto ""Sacro Cuore""",Piazza Santa Teresa Verzeri 4,38100,L378,Trento,Scuola Sec. Primo Grado ,istitutocomprensivo@istitutosacrocuore.it,,,Paritaria,Paritaria,POINT (11.119789989255281 46.067620001764794)
458,Nord Est,Trento,TNEE80908E,Valfloriana - Casatta,"Loc. Casatta, 18/A",38040,L575,Valfloriana,Scuola Primaria,,,www.iccavalese.it,Statale,Di Montagna,POINT (11.342560020900606 46.24950998288091)
1364,Nord Est,Trento,TNEE85306E,"Vallarsa - Raossi ""Cavallin""",Loc. Raossi,38060,L588,Vallarsa,Scuola Primaria,,,www.roveretoest.it,Statale,Normale,POINT (11.11674000000005 45.78239000000008)
5159,Nord Est,Trento,TNMM84401D,"Vallelaghi-Vezzano ""Bellesini""","Via Roma, 3",38070,M362,Vallelaghi,Scuola Primo Grado,,,www.icvalledeilaghidro.it,Statale,Normale,POINT (11.001090002712374 46.07963001172973)
5159,Nord Est,Trento,TNEE84403L,Vallelaghi - Vezzano,"Via Dante, 7",38070,M362,Vallelaghi,Scuola Primaria,,,www.istitutovalledeilaghi.it,Statale,Normale,POINT (10.999459974001837 46.079099982082425)
5159,Nord Est,Trento,TNEE84402G,Vallelaghi - Terlago,"Via Alcide Degasperi, 5",38070,M362,Vallelaghi,Scuola Primaria,,,www.icvalledeilaghi.it,Statale,Normale,POINT (11.044399966972122 46.095340003303875)
5159,Nord Est,Trento,TNIC84400C,"""Valle Dei Laghi-Dro""","Piazza Perli, 3",38070,M362,Vallelaghi,Istituto Comprensivo,segr.ic.valledeilaghi@scuole.provincia.tn.it,ic.valledeilaghi@pec.provincia.tn.it,,Statale,Normale,POINT (11.000579963904158 46.07848001461406)
1846,Nord Est,Trento,TNEE83206D,Vermiglio,"Via Sen. Bruno Kessler, 5",38029,L769,Vermiglio,Scuola Primaria,,,www.icaltavaldisole.it,Statale,Normale,POINT (10.690658829358876 46.29795736906382)
1846,Nord Est,Trento,TNEE83207E,Vermiglio - Passo Tonale,"Via Nazionale, 12/C",38020,L769,Vermiglio,Scuola Primaria,,,www.icaltavaldisole.it,Statale,Di Montagna,POINT (10.585169992682125 46.259360018307035)
3825,Nord Est,Trento,TNMM846015,"Villa Lagarina  ""Anna Frank""","Via Stockstadt Am Rhein, 3",38060,L957,Villa Lagarina,Scuola Primo Grado,,,http://www.icvillalagarina.it/,Statale,Normale,POINT (11.031029993216976 45.917620019017534)
3825,Nord Est,Trento,TNEE846038,"Villa Lagarina ""Paride Lodron""","Via Stockstadt Am Rhein, 9",38060,L957,Villa Lagarina,Scuola Primaria,,,http://www.icvillalagarina.it/,Statale,Normale,POINT (11.032140008654522 45.91820000480777)
3825,Nord Est,Trento,TNIC846004,"""Villa Lagarina""","Via Stockstad Am Rheim, 3",38060,L957,Villa Lagarina,Istituto Comprensivo,segr.ic.villalagarina@scuole.provincia.tn.it,ic.villalagarina@pec.provincia.tn.it,,Statale,Normale,POINT (11.031029993216976 45.917620019017534)
3020,Nord Est,Trento,TNEE86003E,"Volano ""Tovazzi""","Via Stazione, 30",38060,M113,Volano,Scuola Primaria,,,ic-altavallagarina.it,Statale,Normale,POINT (11.063077778234081 45.9190519668947)
3020,Nord Est,Trento,TNIC86000A,"""Alta Vallagarina""","Via Stazione, 30",38060,M113,Volano,Istituto Comprensivo,segr.ic.altavallagarina@scuole.provincia.tn.it,ic.altavallagarina@pec.provincia.tn.it,,Statale,Normale,POINT (11.063077778234081 45.9190519668947)
3020,Nord Est,Trento,TNMM86001B,Volano - Alta Vallagarina,"Via Nicolo' Tommaseo, 8",38060,M113,Volano,Scuola Primo Grado,,,ic-altavallagarina.it,Statale,Normale,POINT (11.038930020778878 45.89195999591237)
