Istituzione Scolastica;Ordine Scolastico;Scuola/Indirizzo;Scuola/Indirizzo - Codice PAT;Numero Iscritti;Numero Classi
ASSOCIAZIONE PEDAGOGICA STEINERIANA - TRENTO;PRIMARIA;ASSOCIAZIONE R. STEINER - PRIMARIA;0222052148;117;5
ASSOCIAZIONE PEDAGOGICA STEINERIANA - TRENTO;SECONDARIA DI PRIMO GRADO;ASSOCIAZIONE R. STEINER - SECONDARIA I GRADO;0222053018;63;3
COLLEGIO ARCIVESCOVILE C.ENDRICI - TRENTO;PRIMARIA;SCUOLA PRIMARIA ARCIVESCOVILE TRENTO;0222052149;130;6
COLLEGIO ARCIVESCOVILE C.ENDRICI - TRENTO;SECONDARIA DI PRIMO GRADO;SCUOLA SECONDARIA DI PRIMO GRADO ARCIVESCOVILE TRENTO;0222053011;274;11
COLLEGIO ARCIVESCOVILE C.ENDRICI - TRENTO;SECONDARIA DI SECONDO GRADO;ISTITUTO TECNICO PER IL SETTORE ECONOMICO;0222055432;56;5
COLLEGIO ARCIVESCOVILE C.ENDRICI - TRENTO;SECONDARIA DI SECONDO GRADO;ISTITUTO TECNICO PER IL SETTORE TECNOLOGICO;0222055433;65;4
COLLEGIO ARCIVESCOVILE C.ENDRICI - TRENTO;SECONDARIA DI SECONDO GRADO;LICEO CLASSICO ARCIVESCOVILE - TRENTO;0222057214;46;4
COLLEGIO ARCIVESCOVILE C.ENDRICI - TRENTO;SECONDARIA DI SECONDO GRADO;LICEO LINGUISTICO ARCIVESCOVILE - TRENTO;0222057138;7;1
COLLEGIO ARCIVESCOVILE C.ENDRICI - TRENTO;SECONDARIA DI SECONDO GRADO;LICEO SCIENTIFICO ARCIVESCOVILE - TRENTO;0222057116;96;6
COLLEGIO ARCIVESCOVILE DAME INGLESI - ROVERETO;PRIMARIA;SCUOLA PRIMARIA ARCIVESCOVILE DAME INGLESI ROVERETO;0221612103;158;8
COLLEGIO ARCIVESCOVILE DAME INGLESI - ROVERETO;SECONDARIA DI PRIMO GRADO;SCUOLA SECONDARIA DI PRIMO GRADO ARCIVESCOVILE DAME INGLESI ROVERETO;0221613006;203;15
COLLEGIO ARCIVESCOVILE DAME INGLESI - ROVERETO;SECONDARIA DI SECONDO GRADO;LICEO LINGUISTICO ARCIVESCOVILE DAME INGLESI - ROVERETO;0221617115;91;5
COOPERATIVA SOCIALE SACRA FAMIGLIA ONLUS;PRIMARIA;SCUOLA PRIMARIA SACRA FAMIGLIA TRENTO;0222052121;191;9
"Centro Formazione Professionale ""Centromoda Canossa"" - Trento";FORMAZIONE PROFESSIONALE;SETTORE INDUSTRIA E ARTIGIANATO;0222059698;221;10
Centro Formazione Professionale ENAIP - Arco;FORMAZIONE PROFESSIONALE;SETTORE INDUSTRIA E ARTIGIANATO;0220069699;184;9
Centro Formazione Professionale ENAIP - Borgo Valsugana;FORMAZIONE PROFESSIONALE;SETTORE INDUSTRIA E ARTIGIANATO;0220229699;191;13
Centro Formazione Professionale ENAIP - Cles;FORMAZIONE PROFESSIONALE;SETTORE INDUSTRIA E ARTIGIANATO;0220629699;160;8
Centro Formazione Professionale ENAIP - Ossana;FORMAZIONE PROFESSIONALE;SETTORE SERVIZI;0221319699;104;8
Centro Formazione Professionale ENAIP - Primiero;FORMAZIONE PROFESSIONALE;SETTORE INDUSTRIA E ARTIGIANATO;0222049699;27;3
Centro Formazione Professionale ENAIP - Primiero;FORMAZIONE PROFESSIONALE;SETTORE SERVIZI;0222049698;48;7
Centro Formazione Professionale ENAIP - Tesero;FORMAZIONE PROFESSIONALE;SETTORE INDUSTRIA E ARTIGIANATO;0221969698;101;5
Centro Formazione Professionale ENAIP - Tesero;FORMAZIONE PROFESSIONALE;SETTORE SERVIZI;0221969699;139;8
Centro Formazione Professionale ENAIP - Tione di Trento;FORMAZIONE PROFESSIONALE;SETTORE INDUSTRIA E ARTIGIANATO;0221999698;197;10
Centro Formazione Professionale ENAIP - Tione di Trento;FORMAZIONE PROFESSIONALE;SETTORE SERVIZI;0221999699;179;11
Centro Formazione Professionale ENAIP - Varone di Riva del Garda;FORMAZIONE PROFESSIONALE;SETTORE SERVIZI;0221539699;326;19
Centro Formazione Professionale ENAIP - Villazzano;FORMAZIONE PROFESSIONALE;SETTORE INDUSTRIA E ARTIGIANATO;0222059697;514;28
Centro Formazione Professionale ENAIP - Villazzano;FORMAZIONE PROFESSIONALE;SETTORE INDUSTRIA E ARTIGIANATO SERALE;0222059692;43;6
Centro Formazione Professionale Opera Armida Barelli - Levico;FORMAZIONE PROFESSIONALE;SETTORE SERVIZI;0221049699;196;11
Centro Formazione Professionale Opera Armida Barelli - Rovereto;FORMAZIONE PROFESSIONALE;SETTORE SERVIZI;0221619698;412;22
Centro Formazione Professionale Pavoniano Artigianelli - Trento;FORMAZIONE PROFESSIONALE;SETTORE INDUSTRIA E ARTIGIANATO;0222059696;300;7
Centro Formazione Professionale UPT - Arco;FORMAZIONE PROFESSIONALE;SETTORE SERVIZI;0221539698;178;9
Centro Formazione Professionale UPT - Cles;FORMAZIONE PROFESSIONALE;SETTORE SERVIZI;0220629698;148;9
Centro Formazione Professionale UPT - Rovereto;FORMAZIONE PROFESSIONALE;SETTORE SERVIZI;0221619694;61;4
Centro Formazione Professionale UPT - Tione di Trento;FORMAZIONE PROFESSIONALE;SETTORE SERVIZI;0221999697;77;6
Centro Formazione Professionale UPT - Trento;FORMAZIONE PROFESSIONALE;SETTORE SERVIZI;0222059699;339;17
Centro Formazione Professionale UPT - Trento;FORMAZIONE PROFESSIONALE;SETTORE SERVIZI ROVERETO;2027;19;1
Centro Formazione Professionale UPT - Trento;FORMAZIONE PROFESSIONALE;SETTORE SERVIZI SERALE;0222059694;51;0
FONDAZIONE EDMUND MACH - ISTITUTO AGRARIO SAN MICHELE ALL'ADIGE;SECONDARIA DI SECONDO GRADO;ISTITUTO TECNICO PER IL SETTORE TECNOLOGICO;0221675102;494;26
FONDAZIONE EDMUND MACH - ISTITUTO AGRARIO SAN MICHELE ALL'ADIGE;FORMAZIONE PROFESSIONALE;SETTORE AGRICOLTURA E AMBIENTE;0221679698;326;26
GARDASCUOLA SOCIETA' COOPERATIVA SOCIALE - ARCO;PRIMARIA;SCUOLA PRIMARIA GARDASCUOLA ARCO;0220062106;117;8
GARDASCUOLA SOCIETA' COOPERATIVA SOCIALE - ARCO;SECONDARIA DI PRIMO GRADO;SCUOLA SECONDARIA DI PRIMO GRADO GARDASCUOLA ARCO;0220063002;140;9
GARDASCUOLA SOCIETA' COOPERATIVA SOCIALE - ARCO;SECONDARIA DI SECONDO GRADO;ISTITUTO TECNICO PER IL SETTORE ECONOMICO;0220065401;106;7
GARDASCUOLA SOCIETA' COOPERATIVA SOCIALE - ARCO;SECONDARIA DI SECONDO GRADO;LICEO SCIENTIFICO OPZIONE SCIENZE APPLICATE;0220067103;67;5
Giuseppe Veronesi - Centro di istruzione scolastica e di formazione professionale;SECONDARIA DI SECONDO GRADO;LICEO SCIENTIFICO OPZIONE SCIENZE APPLICATE;0221619690;106;5
Giuseppe Veronesi - Centro di istruzione scolastica e di formazione professionale;FORMAZIONE PROFESSIONALE;SETTORE INDUSTRIA E ARTIGIANATO;0221619699;515;27
Giuseppe Veronesi - Centro di istruzione scolastica e di formazione professionale;FORMAZIONE PROFESSIONALE;SETTORE INDUSTRIA E ARTIGIANATO SERALE;0221619695;22;4
"ISTITUTO COMPRENSIVO ALA ""Antonio Bresciani""";PRIMARIA;"SCUOLA PRIMARIA ""A. BETTA"" ALA";0220012101;312;15
"ISTITUTO COMPRENSIVO ALA ""Antonio Bresciani""";PRIMARIA;"SCUOLA PRIMARIA ""M.T. di Calcutta"" SERRAVALLE";0220012105;104;6
"ISTITUTO COMPRENSIVO ALA ""Antonio Bresciani""";SECONDARIA DI PRIMO GRADO;"SCUOLA SECONDARIA DI PRIMO GRADO ""C. BATTISTI"" ALA";0220013001;266;13
ISTITUTO COMPRENSIVO ALDENO MATTARELLO;PRIMARIA;SCUOLA PRIMARIA ALDENO;0220032101;156;10
ISTITUTO COMPRENSIVO ALDENO MATTARELLO;PRIMARIA;SCUOLA PRIMARIA CIMONE;0220582101;45;4
ISTITUTO COMPRENSIVO ALDENO MATTARELLO;PRIMARIA;SCUOLA PRIMARIA MATTARELLO;0222052130;315;15
ISTITUTO COMPRENSIVO ALDENO MATTARELLO;PRIMARIA;SCUOLA PRIMARIA ROMAGNANO TRENTO;0222052132;65;5
ISTITUTO COMPRENSIVO ALDENO MATTARELLO;SECONDARIA DI PRIMO GRADO;"SCUOLA SECONDARIA DI PRIMO GRADO ""A. FOGAZZARO"" MATTARELLO";0222053009;253;12
ISTITUTO COMPRENSIVO ALDENO MATTARELLO;SECONDARIA DI PRIMO GRADO;SCUOLA SECONDARIA DI PRIMO GRADO ALDENO;0220033001;106;6
ISTITUTO COMPRENSIVO ALTA VAL DI SOLE;PRIMARIA;"SCUOLA PRIMARIA ""E. BEZZI"" OSSANA";0221312101;68;5
ISTITUTO COMPRENSIVO ALTA VAL DI SOLE;PRIMARIA;SCUOLA PRIMARIA COGOLO DI PEIO;0221362104;81;5
ISTITUTO COMPRENSIVO ALTA VAL DI SOLE;PRIMARIA;SCUOLA PRIMARIA COMMEZZADURA;0220642101;67;5
ISTITUTO COMPRENSIVO ALTA VAL DI SOLE;PRIMARIA;SCUOLA PRIMARIA PASSO TONALE;0222132102;19;2
ISTITUTO COMPRENSIVO ALTA VAL DI SOLE;PRIMARIA;SCUOLA PRIMARIA VERMIGLIO;0222132101;62;5
ISTITUTO COMPRENSIVO ALTA VAL DI SOLE;SECONDARIA DI PRIMO GRADO;"SCUOLA SECONDARIA DI PRIMO GRADO ""C. ZANELLA"" FUCINE DI OSSANA";0221313001;180;9
ISTITUTO COMPRENSIVO ALTA VALLAGARINA;PRIMARIA;"SCUOLA PRIMARIA ""A.DE VALENTINI"" CALLIANO";0220352101;102;7
ISTITUTO COMPRENSIVO ALTA VALLAGARINA;PRIMARIA;"SCUOLA PRIMARIA ""G. TOVAZZI"" VOLANO";0222242101;134;10
ISTITUTO COMPRENSIVO ALTA VALLAGARINA;PRIMARIA;"SCUOLA PRIMARIA ""S. PELLICO"" BESENELLO";0220132101;139;8
ISTITUTO COMPRENSIVO ALTA VALLAGARINA;SECONDARIA DI PRIMO GRADO;"SCUOLA SECONDARIA DI PRIMO GRADO ""ALTA VALLAGARINA"" VOLANO";0222243001;220;11
ISTITUTO COMPRENSIVO ALTOPIANO DI PINE';PRIMARIA;"SCUOLA PRIMARIA  ""ABRAMO ANDREATTA"" BEDOLLO";0220112101;61;5
ISTITUTO COMPRENSIVO ALTOPIANO DI PINE';PRIMARIA;"SCUOLA PRIMARIA ""G. DALLAFIOR"" BASELGA DI PINE'";0220092101;168;10
ISTITUTO COMPRENSIVO ALTOPIANO DI PINE';PRIMARIA;"SCUOLA PRIMARIA ""G. VERDI"" MIOLA BASELGA DI PINE'";0220092102;82;5
ISTITUTO COMPRENSIVO ALTOPIANO DI PINE';SECONDARIA DI PRIMO GRADO;"SCUOLA SECONDARIA DI PRIMO GRADO ""DON GIUSEPPE TARTER""BASELGA DI PINE'";0220093001;209;9
ISTITUTO COMPRENSIVO ARCO;PRIMARIA;"SCUOLA PRIMARIA ""G. SEGANTINI"" ARCO";0220062101;340;16
ISTITUTO COMPRENSIVO ARCO;PRIMARIA;SCUOLA PRIMARIA BOLOGNANO;0220062104;190;10
ISTITUTO COMPRENSIVO ARCO;PRIMARIA;SCUOLA PRIMARIA MASSONE;0220062105;102;5
ISTITUTO COMPRENSIVO ARCO;PRIMARIA;SCUOLA PRIMARIA ROMARZOLLO;0220062102;226;13
ISTITUTO COMPRENSIVO ARCO;SECONDARIA DI PRIMO GRADO;"SCUOLA SECONDARIA DI PRIMO GRADO ""N. D'ARCO"" ARCO";0220063001;483;22
ISTITUTO COMPRENSIVO AVIO;PRIMARIA;SCUOLA PRIMARIA AVIO;0220072101;111;6
ISTITUTO COMPRENSIVO AVIO;PRIMARIA;SCUOLA PRIMARIA SABBIONARA DI AVIO;0220072103;89;5
ISTITUTO COMPRENSIVO AVIO;SECONDARIA DI PRIMO GRADO;"SCUOLA SECONDARIA DI PRIMO GRADO ""D. ALIGHIERI"" AVIO";0220073001;147;7
ISTITUTO COMPRENSIVO BASSA ANAUNIA - TUENNO;PRIMARIA;"SCUOLA PRIMARIA ""M. PEZZI"" CAMPODENNO";0220372101;66;5
ISTITUTO COMPRENSIVO BASSA ANAUNIA - TUENNO;PRIMARIA;"SCUOLA PRIMARIA ""MONS. S. WEBER"" DENNO";0220742101;90;5
ISTITUTO COMPRENSIVO BASSA ANAUNIA - TUENNO;PRIMARIA;"SCUOLA PRIMARIA ""V. Maistrelli"" TUENNO";0222072101;118;8
ISTITUTO COMPRENSIVO BASSA ANAUNIA - TUENNO;PRIMARIA;SCUOLA PRIMARIA FLAVON;0220862101;52;5
ISTITUTO COMPRENSIVO BASSA ANAUNIA - TUENNO;PRIMARIA;SCUOLA PRIMARIA TASSULLO;0221872101;68;5
ISTITUTO COMPRENSIVO BASSA ANAUNIA - TUENNO;PRIMARIA;SCUOLA PRIMARIA VIGO TON;0222002101;53;5
ISTITUTO COMPRENSIVO BASSA ANAUNIA - TUENNO;SECONDARIA DI PRIMO GRADO;"SCUOLA SECONDARIA DI PRIMO GRADO ""E. Leonardi"" TUENNO";0222073001;118;7
ISTITUTO COMPRENSIVO BASSA ANAUNIA - TUENNO;SECONDARIA DI PRIMO GRADO;"SCUOLA SECONDARIA DI PRIMO GRADO ""V. VIELMETTI"" DENNO";0220743001;167;8
"ISTITUTO COMPRENSIVO BASSA VAL DI SOLE ""G. Ciccolini""";PRIMARIA;"SCUOLA PRIMARIA ""B. PEZZEN"" CROVIANA";0220682101;71;5
"ISTITUTO COMPRENSIVO BASSA VAL DI SOLE ""G. Ciccolini""";PRIMARIA;"SCUOLA PRIMARIA ""C. CRISTOFORETTI"" MALE'";0221102101;114;7
"ISTITUTO COMPRENSIVO BASSA VAL DI SOLE ""G. Ciccolini""";PRIMARIA;SCUOLA PRIMARIA CALDES;0220332101;63;5
"ISTITUTO COMPRENSIVO BASSA VAL DI SOLE ""G. Ciccolini""";PRIMARIA;SCUOLA PRIMARIA DIMARO;0220752101;63;5
"ISTITUTO COMPRENSIVO BASSA VAL DI SOLE ""G. Ciccolini""";PRIMARIA;SCUOLA PRIMARIA S.BERNARDO RABBI;0221502101;51;5
"ISTITUTO COMPRENSIVO BASSA VAL DI SOLE ""G. Ciccolini""";SECONDARIA DI PRIMO GRADO;"SCUOLA SECONDARIA DI PRIMO GRADO ""G. CICCOLINI"" MALE'";0221103001;251;12
ISTITUTO COMPRENSIVO BORGO VALSUGANA;PRIMARIA;"SCUOLA PRIMARIA ""V. DA FELTRE"" BORGO VALSUGANA";0220222101;278;16
ISTITUTO COMPRENSIVO BORGO VALSUGANA;PRIMARIA;SCUOLA PRIMARIA GRIGNO;0220952101;73;5
ISTITUTO COMPRENSIVO BORGO VALSUGANA;SECONDARIA DI PRIMO GRADO;"SCUOLA SECONDARIA DI PRIMO GRADO ""ORA E VEGLIA"" BORGO VALSUGANA";0220223001;198;10
ISTITUTO COMPRENSIVO BORGO VALSUGANA;SECONDARIA DI PRIMO GRADO;"SCUOLA SECONDARIA DI PRIMO GRADO ""S. FANTE"" GRIGNO";0220953001;51;3
ISTITUTO COMPRENSIVO BRENTONICO;PRIMARIA;SCUOLA PRIMARIA BRENTONICO;2011;177;10
ISTITUTO COMPRENSIVO BRENTONICO;SECONDARIA DI PRIMO GRADO;SCUOLA SECONDARIA DI PRIMO GRADO BRENTONICO;2012;125;7
ISTITUTO COMPRENSIVO CAVALESE;PRIMARIA;SCUOLA PRIMARIA CAPRIANA;0220402101;19;2
ISTITUTO COMPRENSIVO CAVALESE;PRIMARIA;SCUOLA PRIMARIA CARANO;0220412101;48;4
ISTITUTO COMPRENSIVO CAVALESE;PRIMARIA;SCUOLA PRIMARIA CASATTA VALFLORIANA;0222092101;15;1
ISTITUTO COMPRENSIVO CAVALESE;PRIMARIA;SCUOLA PRIMARIA CASTELLO DI FIEMME;0220472101;75;5
ISTITUTO COMPRENSIVO CAVALESE;PRIMARIA;SCUOLA PRIMARIA CAVALESE;0220502101;150;10
ISTITUTO COMPRENSIVO CAVALESE;PRIMARIA;SCUOLA PRIMARIA MASI CAVALESE;0220502102;33;3
ISTITUTO COMPRENSIVO CAVALESE;PRIMARIA;SCUOLA PRIMARIA MOLINA DI FIEMME;0220472102;54;4
ISTITUTO COMPRENSIVO CAVALESE;PRIMARIA;SCUOLA PRIMARIA VARENA;0222112101;72;5
ISTITUTO COMPRENSIVO CAVALESE;SECONDARIA DI PRIMO GRADO;"SCUOLA SECONDARIA DI PRIMO GRADO ""G. SEGANTINI"" CAVALESE";0220503001;308;14
ISTITUTO COMPRENSIVO CEMBRA;PRIMARIA;"SCUOLA PRIMARIA ""DON L. MILANI"" LASES";0221082101;32;3
ISTITUTO COMPRENSIVO CEMBRA;PRIMARIA;"SCUOLA PRIMARIA ""P. MARCONI"" FAVER";0220822101;59;5
ISTITUTO COMPRENSIVO CEMBRA;PRIMARIA;"SCUOLA PRIMARIA ""P. SARTORI"" SOVER";0221772101;24;3
ISTITUTO COMPRENSIVO CEMBRA;PRIMARIA;SCUOLA PRIMARIA CEMBRA;0220552101;126;7
ISTITUTO COMPRENSIVO CEMBRA;PRIMARIA;SCUOLA PRIMARIA STEDRO SEGONZANO;0221722101;58;5
ISTITUTO COMPRENSIVO CEMBRA;PRIMARIA;SCUOLA PRIMARIA VERLA GIOVO;0220922101;117;7
ISTITUTO COMPRENSIVO CEMBRA;SECONDARIA DI PRIMO GRADO;"SCUOLA SECONDARIA DI PRIMO GRADO ""A. VIELMETTI"" CEMBRA";0220553001;117;6
ISTITUTO COMPRENSIVO CEMBRA;SECONDARIA DI PRIMO GRADO;SCUOLA SECONDARIA DI PRIMO GRADO STEDRO SEGONZANO;0221723001;58;4
ISTITUTO COMPRENSIVO CEMBRA;SECONDARIA DI PRIMO GRADO;SCUOLA SECONDARIA DI PRIMO GRADO VERLA GIOVO;0220923001;77;5
ISTITUTO COMPRENSIVO CENTRO VALSUGANA;PRIMARIA;"SCUOLA PRIMARIA ""C. CORRADI"" NOVALEDO";0221292102;67;5
ISTITUTO COMPRENSIVO CENTRO VALSUGANA;PRIMARIA;"SCUOLA PRIMARIA ""P. MARTINELLI"" RONCEGNO TERME";0221562104;82;5
ISTITUTO COMPRENSIVO CENTRO VALSUGANA;PRIMARIA;"SCUOLA PRIMARIA ""T. V. GOZZER"" CASTELNUOVO";0220492102;60;5
ISTITUTO COMPRENSIVO CENTRO VALSUGANA;PRIMARIA;SCUOLA PRIMARIA MARTER;0221562103;60;5
ISTITUTO COMPRENSIVO CENTRO VALSUGANA;PRIMARIA;SCUOLA PRIMARIA RONCHI VALSUGANA;2009;39;3
ISTITUTO COMPRENSIVO CENTRO VALSUGANA;PRIMARIA;SCUOLA PRIMARIA TELVE;0221882102;107;7
ISTITUTO COMPRENSIVO CENTRO VALSUGANA;PRIMARIA;SCUOLA PRIMARIA TELVE DI SOPRA;0221892102;49;5
ISTITUTO COMPRENSIVO CENTRO VALSUGANA;SECONDARIA DI PRIMO GRADO;"SCUOLA SECONDARIA DI PRIMO GRADO ""DON L. MILANI"" TELVE";0221883002;165;9
ISTITUTO COMPRENSIVO CENTRO VALSUGANA;SECONDARIA DI PRIMO GRADO;"SCUOLA SECONDARIA DI PRIMO GRADO ""M. POLA"" RONCEGNO TERME";0221563002;146;8
ISTITUTO COMPRENSIVO CIVEZZANO;PRIMARIA;"SCUOLA PRIMARIA ""A. GIRARDI"" FORNACE";0220892101;72;5
ISTITUTO COMPRENSIVO CIVEZZANO;PRIMARIA;"SCUOLA PRIMARIA ""G. B. BORSIERI"" CIVEZZANO";0220612101;111;6
ISTITUTO COMPRENSIVO CIVEZZANO;PRIMARIA;SCUOLA PRIMARIA ALBIANO;0220022101;104;6
ISTITUTO COMPRENSIVO CIVEZZANO;PRIMARIA;SCUOLA PRIMARIA SEREGNANO CIVEZZANO;0220612102;73;5
ISTITUTO COMPRENSIVO CIVEZZANO;SECONDARIA DI PRIMO GRADO;"SCUOLA SECONDARIA DI PRIMO GRADO ""G. ALESSANDRINI"" CIVEZZANO";0220613001;146;8
ISTITUTO COMPRENSIVO CIVEZZANO;SECONDARIA DI PRIMO GRADO;SCUOLA SECONDARIA DI PRIMO GRADO ALBIANO;0220023001;41;3
"ISTITUTO COMPRENSIVO CLES ""B. Clesio""";PRIMARIA;"SCUOLA PRIMARIA ""O.Focherini M.Marchesi"" MIONE RUMO";0221632101;32;3
"ISTITUTO COMPRENSIVO CLES ""B. Clesio""";PRIMARIA;SCUOLA PRIMARIA CLES;0220622101;346;17
"ISTITUTO COMPRENSIVO CLES ""B. Clesio""";PRIMARIA;"SCUOLA PRIMARIA VAROLLO LIVO ""Chiara Lubich""";0221062101;60;5
"ISTITUTO COMPRENSIVO CLES ""B. Clesio""";SECONDARIA DI PRIMO GRADO;"SCUOLA SECONDARIA DI PRIMO GRADO ""V. Inama"" CLES";0220623001;255;12
"ISTITUTO COMPRENSIVO DEL CHIESE ""Don L. Milani""";PRIMARIA;"SCUOLA PRIMARIA ""G. PAPALEONI"" CONDINO";0220662101;90;6
"ISTITUTO COMPRENSIVO DEL CHIESE ""Don L. Milani""";PRIMARIA;"SCUOLA PRIMARIA ""PADRE C. GNESOTTI"" STORO";0221832101;166;9
"ISTITUTO COMPRENSIVO DEL CHIESE ""Don L. Milani""";PRIMARIA;SCUOLA PRIMARIA PIEVE DI BONO - CRETO;0221402102;116;7
"ISTITUTO COMPRENSIVO DEL CHIESE ""Don L. Milani""";PRIMARIA;SCUOLA PRIMARIA STORO - LODRONE;0221832103;88;5
"ISTITUTO COMPRENSIVO DEL CHIESE ""Don L. Milani""";SECONDARIA DI PRIMO GRADO;"SCUOLA SECONDARIA DI PRIMO GRADO ""G. LEOPARDI"" STORO";0221833001;203;10
"ISTITUTO COMPRENSIVO DEL CHIESE ""Don L. Milani""";SECONDARIA DI PRIMO GRADO;"SCUOLA SECONDARIA DI PRIMO GRADO ""G. PASCOLI"" PIEVE DI BONO";0221403002;143;8
ISTITUTO COMPRENSIVO DI SCUOLA PRIMARIA E SECONDARIA DI PRIMIERO;PRIMARIA;"SCUOLA PRIMARIA ""B. ZANETEL"" S.MARTINO DI CASTROZZA";0221742102;14;2
ISTITUTO COMPRENSIVO DI SCUOLA PRIMARIA E SECONDARIA DI PRIMIERO;PRIMARIA;"SCUOLA PRIMARIA ""CARD. J. BERNARDIN"" TONADICO";0222012101;179;11
ISTITUTO COMPRENSIVO DI SCUOLA PRIMARIA E SECONDARIA DI PRIMIERO;PRIMARIA;"SCUOLA PRIMARIA ""F. LOSS"" CANAL SAN BOVO";0220382101;76;5
ISTITUTO COMPRENSIVO DI SCUOLA PRIMARIA E SECONDARIA DI PRIMIERO;PRIMARIA;SCUOLA PRIMARIA MEZZANO;0221152101;85;6
ISTITUTO COMPRENSIVO DI SCUOLA PRIMARIA E SECONDARIA DI PRIMIERO;SECONDARIA DI PRIMO GRADO;"SCUOLA SECONDARIA DI PRIMO GRADO ""L. NEGRELLI""  - FIERA DI PRIMIERO";0222043001;142;7
ISTITUTO COMPRENSIVO DI SCUOLA PRIMARIA E SECONDARIA DI PRIMIERO;SECONDARIA DI PRIMO GRADO;SCUOLA SECONDARIA DI PRIMO GRADO CANAL SAN BOVO;0220383001;45;3
ISTITUTO COMPRENSIVO DI SCUOLA PRIMARIA E SECONDARIA DI PRIMIERO;SECONDARIA DI SECONDO GRADO;ISTITUTO TECNICO PER IL SETTORE ECONOMICO;0220845402;101;8
ISTITUTO COMPRENSIVO DI SCUOLA PRIMARIA E SECONDARIA DI PRIMIERO;SECONDARIA DI SECONDO GRADO;ISTITUTO TECNICO PER IL SETTORE TECNOLOGICO;0220845503;74;6
ISTITUTO COMPRENSIVO DI SCUOLA PRIMARIA E SECONDARIA DI PRIMIERO;SECONDARIA DI SECONDO GRADO;LICEO SCIENTIFICO OPZIONE SCIENZE APPLICATE;0220847102;87;5
ISTITUTO COMPRENSIVO FOLGARIA - LAVARONE - LUSERNA;PRIMARIA;"SCUOLA PRIMARIA ""S. LAUTON"" FOLGARIA";0220872101;85;5
ISTITUTO COMPRENSIVO FOLGARIA - LAVARONE - LUSERNA;PRIMARIA;SCUOLA PRIMARIA LAVARONE;0221022101;72;5
ISTITUTO COMPRENSIVO FOLGARIA - LAVARONE - LUSERNA;SECONDARIA DI PRIMO GRADO;"SCUOLA SECONDARIA DI PRIMO GRADO ""G. PRATI"" LAVARONE";0221023001;50;3
ISTITUTO COMPRENSIVO FOLGARIA - LAVARONE - LUSERNA;SECONDARIA DI PRIMO GRADO;"SCUOLA SECONDARIA DI PRIMO GRADO ""P. RELLA"" FOLGARIA";0220873001;58;3
ISTITUTO COMPRENSIVO FONDO - REVO';PRIMARIA;"SCUOLA PRIMARIA ""C.A. Martini"" REVO'";0221522101;80;5
ISTITUTO COMPRENSIVO FONDO - REVO';PRIMARIA;"SCUOLA PRIMARIA ""MADRE TERESA DI CALCUTTA"" ROMENO";0221552101;68;5
ISTITUTO COMPRENSIVO FONDO - REVO';PRIMARIA;"SCUOLA PRIMARIA ""PADRE A. STEFENELLI"" FONDO";0220882101;99;6
ISTITUTO COMPRENSIVO FONDO - REVO';PRIMARIA;"SCUOLA PRIMARIA ""Stefano Zuech"" BREZ";0220272101;67;5
ISTITUTO COMPRENSIVO FONDO - REVO';PRIMARIA;SCUOLA PRIMARIA CASTELFONDO;0220462101;31;3
ISTITUTO COMPRENSIVO FONDO - REVO';PRIMARIA;SCUOLA PRIMARIA CAVARENO;0220512101;88;5
ISTITUTO COMPRENSIVO FONDO - REVO';PRIMARIA;SCUOLA PRIMARIA SANZENO;0221692101;46;4
ISTITUTO COMPRENSIVO FONDO - REVO';PRIMARIA;SCUOLA PRIMARIA SARNONICO;0221702101;57;5
ISTITUTO COMPRENSIVO FONDO - REVO';SECONDARIA DI PRIMO GRADO;"SCUOLA SECONDARIA DI PRIMO GRADO ""C.A. Martini"" REVO'";0221523001;116;6
ISTITUTO COMPRENSIVO FONDO - REVO';SECONDARIA DI PRIMO GRADO;"SCUOLA SECONDARIA DI PRIMO GRADO ""G. B. LAMPI"" FONDO";0220883001;218;12
ISTITUTO COMPRENSIVO GIUDICARIE ESTERIORI;PRIMARIA;"SCUOLA PRIMARIA ""G. GRAFFER"" STENICO";0221822101;48;5
ISTITUTO COMPRENSIVO GIUDICARIE ESTERIORI;PRIMARIA;"SCUOLA PRIMARIA ""SAN G. BOSCO"" S.LORENZO IN BANALE";0221662101;62;5
ISTITUTO COMPRENSIVO GIUDICARIE ESTERIORI;PRIMARIA;SCUOLA PRIMARIA CAMPO LOMASO;0221072101;141;9
ISTITUTO COMPRENSIVO GIUDICARIE ESTERIORI;PRIMARIA;SCUOLA PRIMARIA FIAVE';0220832101;58;5
ISTITUTO COMPRENSIVO GIUDICARIE ESTERIORI;PRIMARIA;SCUOLA PRIMARIA RANGO BLEGGIO SUPERIORE;0220172101;81;5
ISTITUTO COMPRENSIVO GIUDICARIE ESTERIORI;SECONDARIA DI PRIMO GRADO;"SCUOLA SECONDARIA DI PRIMO GRADO ""G. PRATI"" PONTE ARCHE";0220163001;232;12
ISTITUTO COMPRENSIVO ISERA - ROVERETO;PRIMARIA;"SCUOLA PRIMARIA ""F.lli FILZI"" ROVERETO";0221612110;398;21
ISTITUTO COMPRENSIVO ISERA - ROVERETO;PRIMARIA;"SCUOLA PRIMARIA ""R. LEVI MONTALCINI"" ISERA";0220982101;151;9
ISTITUTO COMPRENSIVO ISERA - ROVERETO;SECONDARIA DI PRIMO GRADO;"SCUOLA SECONDARIA DI PRIMO GRADO ""A. DEGASPERI"" ROVERETO";0221613002;302;13
ISTITUTO COMPRENSIVO LAVIS;PRIMARIA;"SCUOLA PRIMARIA ""A. FRANK"" ZAMBANA";0222252101;108;6
ISTITUTO COMPRENSIVO LAVIS;PRIMARIA;"SCUOLA PRIMARIA ""DON G. GRAZIOLI"" LAVIS";0221032101;364;17
ISTITUTO COMPRENSIVO LAVIS;PRIMARIA;SCUOLA PRIMARIA PRESSANO LAVIS;0221032103;91;5
ISTITUTO COMPRENSIVO LAVIS;SECONDARIA DI PRIMO GRADO;"SCUOLA SECONDARIA DI PRIMO GRADO ""A. STAINER"" LAVIS";0221033001;348;17
ISTITUTO COMPRENSIVO LEVICO TERME;PRIMARIA;"SCUOLA PRIMARIA ""C. CHIESA"" CALDONAZZO";0220342101;190;11
ISTITUTO COMPRENSIVO LEVICO TERME;PRIMARIA;"SCUOLA PRIMARIA ""G. ROSANELLI"" TENNA";0221902101;55;5
ISTITUTO COMPRENSIVO LEVICO TERME;PRIMARIA;"SCUOLA PRIMARIA ""PADRE B. MARTINELLI"" CALCERANICA AL LAGO";0220322101;81;5
ISTITUTO COMPRENSIVO LEVICO TERME;PRIMARIA;SCUOLA PRIMARIA LEVICO TERME;0221042101;371;18
ISTITUTO COMPRENSIVO LEVICO TERME;SECONDARIA DI PRIMO GRADO;"SCUOLA SECONDARIA DI PRIMO GRADO ""G. B. DE GASPARIS"" LEVICO TERME";0221043001;485;24
ISTITUTO COMPRENSIVO MEZZOCORONA;PRIMARIA;"SCUOLA PRIMARIA ""A. DEGASPERI"" MEZZOCORONA";0221162101;286;15
ISTITUTO COMPRENSIVO MEZZOCORONA;PRIMARIA;"SCUOLA PRIMARIA ""F. BIASI"" S.MICHELE ALL'ADIGE";0221672101;143;7
ISTITUTO COMPRENSIVO MEZZOCORONA;PRIMARIA;"SCUOLA PRIMARIA ""F.LLI BRONZETTI"" ROVERE' DELLA LUNA";0221602101;64;5
ISTITUTO COMPRENSIVO MEZZOCORONA;PRIMARIA;SCUOLA PRIMARIA GRUMO;0221672102;82;5
ISTITUTO COMPRENSIVO MEZZOCORONA;SECONDARIA DI PRIMO GRADO;"SCUOLA SECONDARIA DI PRIMO GRADO ""E. CHINI"" MEZZOCORONA";0221163001;337;15
ISTITUTO COMPRENSIVO MEZZOLOMBARDO - PAGANELLA;PRIMARIA;"SCUOLA PRIMARIA ""C. DARWIN"" MEZZOLOMBARDO";0221172101;382;20
ISTITUTO COMPRENSIVO MEZZOLOMBARDO - PAGANELLA;PRIMARIA;"SCUOLA PRIMARIA ""Don L. Rossi"" FAI DELLA PAGANELLA";0220812101;23;2
ISTITUTO COMPRENSIVO MEZZOLOMBARDO - PAGANELLA;PRIMARIA;"SCUOLA PRIMARIA ""L. Nicolussi"" MOLVENO";0221202101;34;3
ISTITUTO COMPRENSIVO MEZZOLOMBARDO - PAGANELLA;PRIMARIA;"SCUOLA PRIMARIA ""San G. Bosco"" SPORMAGGIORE";0221802101;95;6
ISTITUTO COMPRENSIVO MEZZOLOMBARDO - PAGANELLA;PRIMARIA;SCUOLA PRIMARIA ANDALO;0220052101;69;5
ISTITUTO COMPRENSIVO MEZZOLOMBARDO - PAGANELLA;PRIMARIA;SCUOLA PRIMARIA NAVE SAN ROCCO;0221262101;83;5
ISTITUTO COMPRENSIVO MEZZOLOMBARDO - PAGANELLA;SECONDARIA DI PRIMO GRADO;"SCUOLA SECONDARIA DI PRIMO GRADO ""A. ECCHER DALL'ECO"" MEZZOLOMBARDO";0221173001;275;15
ISTITUTO COMPRENSIVO MEZZOLOMBARDO - PAGANELLA;SECONDARIA DI PRIMO GRADO;"SCUOLA SECONDARIA DI PRIMO GRADO ""C. Battisti"" ANDALO";0220053001;95;6
ISTITUTO COMPRENSIVO MEZZOLOMBARDO - PAGANELLA;SECONDARIA DI PRIMO GRADO;SCUOLA SECONDARIA DI PRIMO GRADO SPORMAGGIORE;0221803001;41;3
ISTITUTO COMPRENSIVO MORI;PRIMARIA;SCUOLA PRIMARIA MORI;0221232101;397;20
ISTITUTO COMPRENSIVO MORI;PRIMARIA;SCUOLA PRIMARIA RONZO CHIENIS;0221352101;65;5
ISTITUTO COMPRENSIVO MORI;SECONDARIA DI PRIMO GRADO;"SCUOLA SECONDARIA DI PRIMO GRADO ""B. MALFATTI"" MORI";0221233001;311;15
ISTITUTO COMPRENSIVO PERGINE 1;PRIMARIA;"SCUOLA PRIMARIA ""DON L. MILANI"" PERGINE VALSUGANA";0221392101;259;13
ISTITUTO COMPRENSIVO PERGINE 1;PRIMARIA;SCUOLA PRIMARIA CANEZZA;0221392103;90;5
ISTITUTO COMPRENSIVO PERGINE 1;PRIMARIA;SCUOLA PRIMARIA S.FELICE FIEROZZO;0220852101;31;5
ISTITUTO COMPRENSIVO PERGINE 1;PRIMARIA;SCUOLA PRIMARIA SANT'ORSOLA;0221682101;46;5
ISTITUTO COMPRENSIVO PERGINE 1;PRIMARIA;SCUOLA PRIMARIA ZIVIGNAGO;0221392110;109;5
ISTITUTO COMPRENSIVO PERGINE 1;SECONDARIA DI PRIMO GRADO;"SCUOLA SECONDARIA DI PRIMO GRADO ""C. ANDREATTA"" PERGINE VALSUGANA";0221393001;369;17
"ISTITUTO COMPRENSIVO PERGINE 2 ""C. Freinet""";PRIMARIA;"SCUOLA PRIMARIA ""G. RODARI"" PERGINE VALSUGANA";0221392112;300;15
"ISTITUTO COMPRENSIVO PERGINE 2 ""C. Freinet""";PRIMARIA;SCUOLA PRIMARIA CANALE;0221392102;112;7
"ISTITUTO COMPRENSIVO PERGINE 2 ""C. Freinet""";PRIMARIA;SCUOLA PRIMARIA MADRANO;0221392104;92;6
"ISTITUTO COMPRENSIVO PERGINE 2 ""C. Freinet""";PRIMARIA;SCUOLA PRIMARIA SUSA';0221392107;96;6
"ISTITUTO COMPRENSIVO PERGINE 2 ""C. Freinet""";SECONDARIA DI PRIMO GRADO;"SCUOLA SECONDARIA DI PRIMO GRADO ""T. GARBARI"" PERGINE VALSUGANA";0221393002;434;19
ISTITUTO COMPRENSIVO PREDAZZO TESERO PANCHIA' ZIANO;PRIMARIA;"SCUOLA PRIMARIA ""G. MANEGA"" TESERO";0221962101;170;10
ISTITUTO COMPRENSIVO PREDAZZO TESERO PANCHIA' ZIANO;PRIMARIA;"SCUOLA PRIMARIA ""I. MASIA"" ZIANO DI FIEMME";0222262101;88;5
ISTITUTO COMPRENSIVO PREDAZZO TESERO PANCHIA' ZIANO;PRIMARIA;"SCUOLA PRIMARIA ""M. MORANDINI DEGASPERI"" PREDAZZO";0221472101;164;10
ISTITUTO COMPRENSIVO PREDAZZO TESERO PANCHIA' ZIANO;SECONDARIA DI PRIMO GRADO;"SCUOLA SECONDARIA DI PRIMO GRADO ""G. ALBERTI"" TESERO";0221963001;125;6
ISTITUTO COMPRENSIVO PREDAZZO TESERO PANCHIA' ZIANO;SECONDARIA DI PRIMO GRADO;"SCUOLA SECONDARIA DI PRIMO GRADO ""MARZARI PENCATI"" PREDAZZO";0221473001;162;9
ISTITUTO COMPRENSIVO RIVA 1;PRIMARIA;"SCUOLA PRIMARIA ""N. PERNICI"" RIVA DEL GARDA";0221532101;296;14
ISTITUTO COMPRENSIVO RIVA 1;PRIMARIA;SCUOLA PRIMARIA NAGO TORBOLE;0221242101;130;8
ISTITUTO COMPRENSIVO RIVA 1;PRIMARIA;SCUOLA PRIMARIA S. ALESSANDRO RIVA DEL GARDA;0221532104;137;7
ISTITUTO COMPRENSIVO RIVA 1;SECONDARIA DI PRIMO GRADO;"SCUOLA SECONDARIA DI PRIMO GRADO ""D. CHIESA"" RIVA DEL GARDA";0221533001;419;18
"ISTITUTO COMPRENSIVO RIVA 2 ""L. Pizzini""";PRIMARIA;"SCUOLA PRIMARIA ""A. ZADRA"" RIONE DEGASPERI RIVA DEL GARDA";0221532106;216;14
"ISTITUTO COMPRENSIVO RIVA 2 ""L. Pizzini""";PRIMARIA;"SCUOLA PRIMARIA ""G. FEDRIGONI"" VARONE RIVA DEL GARDA";0221532105;238;11
"ISTITUTO COMPRENSIVO RIVA 2 ""L. Pizzini""";PRIMARIA;"SCUOLA PRIMARIA ""O. LUCCHI"" TENNO";0221912101;116;7
"ISTITUTO COMPRENSIVO RIVA 2 ""L. Pizzini""";SECONDARIA DI PRIMO GRADO;"SCUOLA SECONDARIA DI PRIMO GRADO ""S. SIGHELE"" RIVA DEL GARDA";0221533002;299;14
ISTITUTO COMPRENSIVO ROVERETO EST;PRIMARIA;"SCUOLA PRIMARIA ""F. CAVALLIN"" VALLARSA RAOSSI";0222102101;42;5
ISTITUTO COMPRENSIVO ROVERETO EST;PRIMARIA;"SCUOLA PRIMARIA ""N. VALDUGA"" TERRAGNOLO";0221932101;14;2
ISTITUTO COMPRENSIVO ROVERETO EST;PRIMARIA;"SCUOLA PRIMARIA ""REGINA ELENA"" ROVERETO";0221612102;385;20
ISTITUTO COMPRENSIVO ROVERETO EST;PRIMARIA;SCUOLA PRIMARIA MOSCHERI TRAMBILENO;0222032101;40;4
ISTITUTO COMPRENSIVO ROVERETO EST;SECONDARIA DI PRIMO GRADO;"SCUOLA SECONDARIA DI PRIMO GRADO ""D. CHIESA"" ROVERETO";0221613001;351;16
ISTITUTO COMPRENSIVO ROVERETO NORD;PRIMARIA;"SCUOLA PRIMARIA ""D. CHIESA"" NORIGLIO";0221612108;99;5
ISTITUTO COMPRENSIVO ROVERETO NORD;PRIMARIA;"SCUOLA PRIMARIA ""M. K. GANDHI"" ROVERETO";0221612112;337;16
ISTITUTO COMPRENSIVO ROVERETO NORD;SECONDARIA DI PRIMO GRADO;"SCUOLA SECONDARIA DI PRIMO GRADO ""L. NEGRELLI"" ROVERETO";0221613004;337;16
ISTITUTO COMPRENSIVO ROVERETO SUD;PRIMARIA;"SCUOLA PRIMARIA ""A. ROSMINI"" MARCO";0221612106;168;9
ISTITUTO COMPRENSIVO ROVERETO SUD;PRIMARIA;"SCUOLA PRIMARIA ""D. ALIGHIERI"" ROVERETO";0221612104;307;16
ISTITUTO COMPRENSIVO ROVERETO SUD;PRIMARIA;"SCUOLA PRIMARIA ""F. GUELLA"" LIZZANA";0221612105;171;9
ISTITUTO COMPRENSIVO ROVERETO SUD;SECONDARIA DI PRIMO GRADO;"SCUOLA SECONDARIA DI PRIMO GRADO ""F. HALBHERR"" ROVERETO";0221613003;330;15
ISTITUTO COMPRENSIVO STRIGNO E TESINO;PRIMARIA;"SCUOLA PRIMARIA ""A. DEGASPERI"" PIEVE TESINO";0221422101;66;5
ISTITUTO COMPRENSIVO STRIGNO E TESINO;PRIMARIA;SCUOLA PRIMARIA OSPEDALETTO;0221302101;35;3
ISTITUTO COMPRENSIVO STRIGNO E TESINO;PRIMARIA;SCUOLA PRIMARIA SAMONE;0221652101;39;4
ISTITUTO COMPRENSIVO STRIGNO E TESINO;PRIMARIA;SCUOLA PRIMARIA SCURELLE;0221712101;77;5
ISTITUTO COMPRENSIVO STRIGNO E TESINO;PRIMARIA;SCUOLA PRIMARIA STRIGNO;0221852101;60;5
ISTITUTO COMPRENSIVO STRIGNO E TESINO;PRIMARIA;SCUOLA PRIMARIA VILLA AGNEDO;0222212101;61;5
ISTITUTO COMPRENSIVO STRIGNO E TESINO;SECONDARIA DI PRIMO GRADO;"SCUOLA SECONDARIA DI PRIMO GRADO ""O. BRENTARI"" STRIGNO";0221853001;204;10
ISTITUTO COMPRENSIVO STRIGNO E TESINO;SECONDARIA DI PRIMO GRADO;SCUOLA SECONDARIA DI PRIMO GRADO CASTELLO TESINO;0220483001;35;3
ISTITUTO COMPRENSIVO TAIO;PRIMARIA;"SCUOLA PRIMARIA ""MONS. A. NEGRI"" TRES";0222062101;63;5
ISTITUTO COMPRENSIVO TAIO;PRIMARIA;SCUOLA PRIMARIA COREDO;0220672101;143;9
ISTITUTO COMPRENSIVO TAIO;PRIMARIA;SCUOLA PRIMARIA TAIO;0221862101;162;10
ISTITUTO COMPRENSIVO TAIO;SECONDARIA DI PRIMO GRADO;"SCUOLA SECONDARIA DI PRIMO GRADO ""F. BARBACOVI"" COREDO";0220673001;83;6
ISTITUTO COMPRENSIVO TAIO;SECONDARIA DI PRIMO GRADO;"SCUOLA SECONDARIA DI PRIMO GRADO ""F. BARBACOVI"" TAIO";0221863001;152;8
ISTITUTO COMPRENSIVO TIONE;PRIMARIA;"SCUOLA PRIMARIA ""A. PRANDINI"" RONCONE";0221582101;70;5
ISTITUTO COMPRENSIVO TIONE;PRIMARIA;SCUOLA PRIMARIA BONDO-BREGUZZO;0220242101;77;5
ISTITUTO COMPRENSIVO TIONE;PRIMARIA;SCUOLA PRIMARIA RAGOLI;0221512101;60;5
ISTITUTO COMPRENSIVO TIONE;PRIMARIA;SCUOLA PRIMARIA TIONE DI TRENTO;0221992101;173;10
ISTITUTO COMPRENSIVO TIONE;PRIMARIA;SCUOLA PRIMARIA ZUCLO;0222272101;69;5
ISTITUTO COMPRENSIVO TIONE;SECONDARIA DI PRIMO GRADO;"SCUOLA SECONDARIA DI PRIMO GRADO ""LEGIONE TRENTINA"" TIONE DI TRENTO";0221993001;194;9
ISTITUTO COMPRENSIVO TIONE;SECONDARIA DI PRIMO GRADO;SCUOLA SECONDARIA DI PRIMO GRADO RONCONE;0221583001;63;3
ISTITUTO COMPRENSIVO TRENTO 1;PRIMARIA;"SCUOLA PRIMARIA ""G. TOMASI"" VILLAZZANO";0222052105;185;10
ISTITUTO COMPRENSIVO TRENTO 1;PRIMARIA;"SCUOLA PRIMARIA ""U. MOGGIOLI"" POVO";0222052141;236;12
ISTITUTO COMPRENSIVO TRENTO 1;SECONDARIA DI PRIMO GRADO;"SCUOLA SECONDARIA DI PRIMO GRADO ""G. PASCOLI"" POVO";0222053010;317;15
"ISTITUTO COMPRENSIVO TRENTO 2 ""J. A. Comenius""";PRIMARIA;"SCUOLA PRIMARIA ""E. BERNARDI"" COGNOLA";0222052136;307;16
"ISTITUTO COMPRENSIVO TRENTO 2 ""J. A. Comenius""";PRIMARIA;"SCUOLA PRIMARIA ""R. BELENZANI"" S.VITO";0222052139;89;5
"ISTITUTO COMPRENSIVO TRENTO 2 ""J. A. Comenius""";PRIMARIA;"SCUOLA PRIMARIA ""R. ZANDONAI"" MARTIGNANO";0222052138;197;11
"ISTITUTO COMPRENSIVO TRENTO 2 ""J. A. Comenius""";SECONDARIA DI PRIMO GRADO;"SCUOLA SECONDARIA DI PRIMO GRADO ""ARGENTARIO"" TRENTO";0222053015;399;19
ISTITUTO COMPRENSIVO TRENTO 3;PRIMARIA;"SCUOLA PRIMARIA ""A. NICOLODI"" TRENTO";0222052133;224;12
ISTITUTO COMPRENSIVO TRENTO 3;PRIMARIA;"SCUOLA PRIMARIA ""D. SAVIO"" TRENTO";0222052128;116;6
ISTITUTO COMPRENSIVO TRENTO 3;PRIMARIA;"SCUOLA PRIMARIA ""G. B. DE GASPARI"" TRENTO";0222052147;204;11
ISTITUTO COMPRENSIVO TRENTO 3;PRIMARIA;SCUOLA PRIMARIA RAVINA;0222052131;132;8
ISTITUTO COMPRENSIVO TRENTO 3;SECONDARIA DI PRIMO GRADO;"SCUOLA SECONDARIA DI PRIMO GRADO ""BRONZETTI - SEGANTINI"" TRENTO";0222053099;446;20
ISTITUTO COMPRENSIVO TRENTO 4;PRIMARIA;SCUOLA PRIMARIA CLARINA TRENTO;0222052145;257;14
ISTITUTO COMPRENSIVO TRENTO 4;PRIMARIA;SCUOLA PRIMARIA LOCALITA' MADONNA BIANCA TRENTO;0222052134;153;9
ISTITUTO COMPRENSIVO TRENTO 4;SECONDARIA DI PRIMO GRADO;"SCUOLA SECONDARIA DI PRIMO GRADO ""O. WINKLER"" TRENTO";0222053001;283;14
ISTITUTO COMPRENSIVO TRENTO 5;PRIMARIA;"SCUOLA PRIMARIA ""A. GORFER"" TRENTO";0222052122;294;15
ISTITUTO COMPRENSIVO TRENTO 5;PRIMARIA;"SCUOLA PRIMARIA ""F. CRISPI"" TRENTO";0222052101;219;10
ISTITUTO COMPRENSIVO TRENTO 5;PRIMARIA;"SCUOLA PRIMARIA ""R. SANZIO"" TRENTO";0222052117;336;15
ISTITUTO COMPRENSIVO TRENTO 5;SECONDARIA DI PRIMO GRADO;"SCUOLA SECONDARIA DI PRIMO GRADO ""G. BRESADOLA"" TRENTO";0222053002;510;25
ISTITUTO COMPRENSIVO TRENTO 6;PRIMARIA;"SCUOLA PRIMARIA ""A. DEGASPERI"" SARDAGNA";0222052114;33;5
ISTITUTO COMPRENSIVO TRENTO 6;PRIMARIA;"SCUOLA PRIMARIA ""A. SCHMID"" CRISTO RE TRENTO";0222052144;428;24
ISTITUTO COMPRENSIVO TRENTO 6;PRIMARIA;"SCUOLA PRIMARIA ""S. PERTINI"" SOPRAMONTE";0222052115;121;6
ISTITUTO COMPRENSIVO TRENTO 6;PRIMARIA;"SCUOLA PRIMARIA ""SAN VIGILIO"" VELA";0222052111;78;5
ISTITUTO COMPRENSIVO TRENTO 6;PRIMARIA;SCUOLA PRIMARIA CADINE;0222052112;127;6
ISTITUTO COMPRENSIVO TRENTO 6;SECONDARIA DI PRIMO GRADO;"SCUOLA SECONDARIA DI PRIMO GRADO ""A. MANZONI"" TRENTO";0222053004;461;21
"ISTITUTO COMPRENSIVO TRENTO 7 ""Rita Levi Montalcini""";PRIMARIA;"SCUOLA PRIMARIA ""E. DECARLI"" MEANO";0222052126;148;9
"ISTITUTO COMPRENSIVO TRENTO 7 ""Rita Levi Montalcini""";PRIMARIA;"SCUOLA PRIMARIA ""I. CALVINO"" VIGO MEANO";0222052127;84;6
"ISTITUTO COMPRENSIVO TRENTO 7 ""Rita Levi Montalcini""";PRIMARIA;"SCUOLA PRIMARIA ""PIGARELLI"" GARDOLO TRENTO";0222052146;322;16
"ISTITUTO COMPRENSIVO TRENTO 7 ""Rita Levi Montalcini""";PRIMARIA;"SCUOLA PRIMARIA ""S. ANNA"" GARDOLO TRENTO";0222052125;246;12
"ISTITUTO COMPRENSIVO TRENTO 7 ""Rita Levi Montalcini""";SECONDARIA DI PRIMO GRADO;"SCUOLA SECONDARIA DI PRIMO GRADO ""S. PEDROLLI"" GARDOLO TRENTO";0222053008;457;21
ISTITUTO COMPRENSIVO VAL RENDENA;PRIMARIA;"SCUOLA PRIMARIA ""G. B. RIGHI"" MADONNA DI CAMPIGLIO";0221432102;65;5
ISTITUTO COMPRENSIVO VAL RENDENA;PRIMARIA;"SCUOLA PRIMARIA ""N. BOLOGNINI"" PINZOLO";0221432101;60;5
ISTITUTO COMPRENSIVO VAL RENDENA;PRIMARIA;"SCUOLA PRIMARIA ""S. MASSARI"" SPIAZZO RENDENA";0221792101;53;5
ISTITUTO COMPRENSIVO VAL RENDENA;PRIMARIA;"SCUOLA PRIMARIA ""T. GIUSTINA"" CADERZONE";0220292101;59;5
ISTITUTO COMPRENSIVO VAL RENDENA;PRIMARIA;"SCUOLA PRIMARIA ""V. GABRIOTTI"" GIUSTINO";0220932101;40;4
ISTITUTO COMPRENSIVO VAL RENDENA;PRIMARIA;SCUOLA PRIMARIA CARISOLO;0220422101;75;5
ISTITUTO COMPRENSIVO VAL RENDENA;PRIMARIA;SCUOLA PRIMARIA DARE';0220732101;109;6
ISTITUTO COMPRENSIVO VAL RENDENA;SECONDARIA DI PRIMO GRADO;"SCUOLA SECONDARIA DI PRIMO GRADO ""B. DE AVERARIA"" SPIAZZO RENDENA";0221793001;154;9
ISTITUTO COMPRENSIVO VAL RENDENA;SECONDARIA DI PRIMO GRADO;"SCUOLA SECONDARIA DI PRIMO GRADO ""G. B. RIGHI"" MADONNA DI CAMPIGLIO";0221433002;29;3
ISTITUTO COMPRENSIVO VAL RENDENA;SECONDARIA DI PRIMO GRADO;"SCUOLA SECONDARIA DI PRIMO GRADO ""L. DA VINCI"" PINZOLO";0221433001;125;6
ISTITUTO COMPRENSIVO VALLE DEI LAGHI - DRO;PRIMARIA;SCUOLA PRIMARIA CALAVINO;0220312101;85;5
ISTITUTO COMPRENSIVO VALLE DEI LAGHI - DRO;PRIMARIA;SCUOLA PRIMARIA CAVEDINE;0220532101;105;5
ISTITUTO COMPRENSIVO VALLE DEI LAGHI - DRO;PRIMARIA;SCUOLA PRIMARIA DRO;0220792101;268;14
ISTITUTO COMPRENSIVO VALLE DEI LAGHI - DRO;PRIMARIA;SCUOLA PRIMARIA PIETRAMURATA;0220792102;81;5
ISTITUTO COMPRENSIVO VALLE DEI LAGHI - DRO;PRIMARIA;SCUOLA PRIMARIA SARCHE CALAVINO;0220312102;80;5
ISTITUTO COMPRENSIVO VALLE DEI LAGHI - DRO;PRIMARIA;SCUOLA PRIMARIA TERLAGO;0221922101;122;7
ISTITUTO COMPRENSIVO VALLE DEI LAGHI - DRO;PRIMARIA;SCUOLA PRIMARIA VEZZANO;0222152101;94;5
ISTITUTO COMPRENSIVO VALLE DEI LAGHI - DRO;SECONDARIA DI PRIMO GRADO;"SCUOLA SECONDARIA DI PRIMO GRADO ""C. MADRUZZO"" CAVEDINE";0220533001;124;7
ISTITUTO COMPRENSIVO VALLE DEI LAGHI - DRO;SECONDARIA DI PRIMO GRADO;"SCUOLA SECONDARIA DI PRIMO GRADO ""NUOVA EUROPA"" DRO";0220793001;223;11
ISTITUTO COMPRENSIVO VALLE DEI LAGHI - DRO;SECONDARIA DI PRIMO GRADO;"SCUOLA SECONDARIA DI PRIMO GRADO ""S. BELLESINI"" VEZZANO";0222153001;175;9
ISTITUTO COMPRENSIVO VALLE DI LEDRO;PRIMARIA;"SCUOLA PRIMARIA ""O. FERRARI"" ENGUISO";0220652101;93;5
ISTITUTO COMPRENSIVO VALLE DI LEDRO;PRIMARIA;SCUOLA PRIMARIA MOLINA DI LEDRO;0221192101;59;5
ISTITUTO COMPRENSIVO VALLE DI LEDRO;PRIMARIA;SCUOLA PRIMARIA TIARNO DI SOPRA;0221972101;47;4
ISTITUTO COMPRENSIVO VALLE DI LEDRO;SECONDARIA DI PRIMO GRADO;"SCUOLA SECONDARIA DI PRIMO GRADO ""G. GARIBALDI"" BEZZECCA";0220143001;155;8
ISTITUTO COMPRENSIVO VIGOLO VATTARO;PRIMARIA;"SCUOLA PRIMARIA ""A. FOGAZZARO"" VATTARO";0222122101;75;5
ISTITUTO COMPRENSIVO VIGOLO VATTARO;PRIMARIA;"SCUOLA PRIMARIA ""DON T. SEGNANA"" CENTA SAN NICOLO'";0220562101;55;6
ISTITUTO COMPRENSIVO VIGOLO VATTARO;PRIMARIA;SCUOLA PRIMARIA VIGOLO VATTARO;0222192101;133;8
ISTITUTO COMPRENSIVO VIGOLO VATTARO;SECONDARIA DI PRIMO GRADO;SCUOLA SECONDARIA DI PRIMO GRADO VIGOLO VATTARO;0222193001;144;7
ISTITUTO COMPRENSIVO VILLA LAGARINA;PRIMARIA;"SCUOLA PRIMARIA ""L. VICENTINI"" NOMI";0221282101;44;4
ISTITUTO COMPRENSIVO VILLA LAGARINA;PRIMARIA;"SCUOLA PRIMARIA ""P. LODRON"" VILLA LAGARINA";0222222101;208;10
ISTITUTO COMPRENSIVO VILLA LAGARINA;PRIMARIA;"SCUOLA PRIMARIA ""R. GALVAGNI"" POMAROLO";0221442101;136;9
ISTITUTO COMPRENSIVO VILLA LAGARINA;PRIMARIA;SCUOLA PRIMARIA NOGAREDO;0221272101;76;5
ISTITUTO COMPRENSIVO VILLA LAGARINA;SECONDARIA DI PRIMO GRADO;"SCUOLA SECONDARIA DI PRIMO GRADO ""A. FRANK"" VILLA LAGARINA";0222223001;266;12
"ISTITUTO DI ISTRUZIONE ""A. Degasperi"" - BORGO VALSUGANA";SECONDARIA DI PRIMO GRADO;EDUCAZIONE PER ADULTI RELATIVA AL PRIMO CICLO;0220227902;10;1
"ISTITUTO DI ISTRUZIONE ""A. Degasperi"" - BORGO VALSUGANA";SECONDARIA DI SECONDO GRADO;ISTITUTO PROFESSIONALE PER I SERVIZI SANITARI SERALE;0220225511;95;7
"ISTITUTO DI ISTRUZIONE ""A. Degasperi"" - BORGO VALSUGANA";SECONDARIA DI SECONDO GRADO;ISTITUTO TECNICO PER IL SETTORE ECONOMICO;0220225402;202;12
"ISTITUTO DI ISTRUZIONE ""A. Degasperi"" - BORGO VALSUGANA";SECONDARIA DI SECONDO GRADO;ISTITUTO TECNICO PER IL SETTORE ECONOMICO SERALE;0220225509;77;4
"ISTITUTO DI ISTRUZIONE ""A. Degasperi"" - BORGO VALSUGANA";SECONDARIA DI SECONDO GRADO;ISTITUTO TECNICO PER IL SETTORE TECNOLOGICO;0220225503;55;5
"ISTITUTO DI ISTRUZIONE ""A. Degasperi"" - BORGO VALSUGANA";SECONDARIA DI SECONDO GRADO;ISTITUTO TECNICO PER IL SETTORE TECNOLOGICO SERALE;0220225510;28;4
"ISTITUTO DI ISTRUZIONE ""A. Degasperi"" - BORGO VALSUGANA";SECONDARIA DI SECONDO GRADO;LICEO DELLE SCIENZE UMANE;0220227105;152;9
"ISTITUTO DI ISTRUZIONE ""A. Degasperi"" - BORGO VALSUGANA";SECONDARIA DI SECONDO GRADO;LICEO SCIENTIFICO;0220227103;115;8
"ISTITUTO DI ISTRUZIONE ""A. Degasperi"" - BORGO VALSUGANA";SECONDARIA DI SECONDO GRADO;LICEO SCIENTIFICO OPZIONE SCIENZE APPLICATE;0220227104;170;10
"ISTITUTO DI ISTRUZIONE ""L. Guetti"" - TIONE DI TRENTO";SECONDARIA DI PRIMO GRADO;EDUCAZIONE PER ADULTI RELATIVA AL PRIMO CICLO;0221999902;61;6
"ISTITUTO DI ISTRUZIONE ""L. Guetti"" - TIONE DI TRENTO";SECONDARIA DI SECONDO GRADO;ISTITUTO TECNICO PER IL SETTORE ECONOMICO;0221995403;200;11
"ISTITUTO DI ISTRUZIONE ""L. Guetti"" - TIONE DI TRENTO";SECONDARIA DI SECONDO GRADO;ISTITUTO TECNICO PER IL SETTORE ECONOMICO SERALE;0221996204;10;3
"ISTITUTO DI ISTRUZIONE ""L. Guetti"" - TIONE DI TRENTO";SECONDARIA DI SECONDO GRADO;ISTITUTO TECNICO PER IL SETTORE ECONOMICO SERALE;0221996204;10;3
"ISTITUTO DI ISTRUZIONE ""L. Guetti"" - TIONE DI TRENTO";SECONDARIA DI SECONDO GRADO;ISTITUTO TECNICO PER IL SETTORE TECNOLOGICO;0221995206;120;8
"ISTITUTO DI ISTRUZIONE ""L. Guetti"" - TIONE DI TRENTO";SECONDARIA DI SECONDO GRADO;ISTITUTO TECNICO PER IL SETTORE TECNOLOGICO SERALE;0221996203;15;3
"ISTITUTO DI ISTRUZIONE ""L. Guetti"" - TIONE DI TRENTO";SECONDARIA DI SECONDO GRADO;LICEO DELLE SCIENZE UMANE;0221997106;155;9
"ISTITUTO DI ISTRUZIONE ""L. Guetti"" - TIONE DI TRENTO";SECONDARIA DI SECONDO GRADO;LICEO LINGUISTICO;0221997105;134;9
"ISTITUTO DI ISTRUZIONE ""L. Guetti"" - TIONE DI TRENTO";SECONDARIA DI SECONDO GRADO;LICEO SCIENTIFICO;0221997103;200;12
"ISTITUTO DI ISTRUZIONE ""L. Guetti"" - TIONE DI TRENTO";SECONDARIA DI SECONDO GRADO;LICEO SCIENTIFICO OPZIONE SCIENZE APPLICATE;0221997104;113;7
"ISTITUTO DI ISTRUZIONE ""La Rosa Bianca"" - CAVALESE";SECONDARIA DI PRIMO GRADO;EDUCAZIONE PER ADULTI RELATIVA AL PRIMO CICLO;0220509902;1;1
"ISTITUTO DI ISTRUZIONE ""La Rosa Bianca"" - CAVALESE";SECONDARIA DI SECONDO GRADO;ISTITUTO TECNICO PER IL SETTORE ECONOMICO - PREDAZZO;0221475403;209;12
"ISTITUTO DI ISTRUZIONE ""La Rosa Bianca"" - CAVALESE";SECONDARIA DI SECONDO GRADO;ISTITUTO TECNICO PER IL SETTORE ECONOMICO SERALE - PREDAZZO;0221475404;24;3
"ISTITUTO DI ISTRUZIONE ""La Rosa Bianca"" - CAVALESE";SECONDARIA DI SECONDO GRADO;ISTITUTO TECNICO PER IL SETTORE TECNOLOGICO;0220505404;91;5
"ISTITUTO DI ISTRUZIONE ""La Rosa Bianca"" - CAVALESE";SECONDARIA DI SECONDO GRADO;ISTITUTO TECNICO PER IL SETTORE TECNOLOGICO SERALE - PREDAZZO;0221475405;21;3
"ISTITUTO DI ISTRUZIONE ""La Rosa Bianca"" - CAVALESE";SECONDARIA DI SECONDO GRADO;LICEO DELLE SCIENZE UMANE;2008;36;2
"ISTITUTO DI ISTRUZIONE ""La Rosa Bianca"" - CAVALESE";SECONDARIA DI SECONDO GRADO;LICEO DELLE SCIENZE UMANE OPZIONE ECONOMICO SOCIALE;0220507104;56;4
"ISTITUTO DI ISTRUZIONE ""La Rosa Bianca"" - CAVALESE";SECONDARIA DI SECONDO GRADO;LICEO LINGUISTICO;0220507103;81;5
"ISTITUTO DI ISTRUZIONE ""La Rosa Bianca"" - CAVALESE";SECONDARIA DI SECONDO GRADO;LICEO SCIENTIFICO;0220507102;107;5
"ISTITUTO DI ISTRUZIONE ""M. Curie"" - PERGINE VALSUGANA";SECONDARIA DI PRIMO GRADO;EDUCAZIONE PER ADULTI RELATIVA AL PRIMO CICLO;0221399901;41;3
"ISTITUTO DI ISTRUZIONE ""M. Curie"" - PERGINE VALSUGANA";SECONDARIA DI SECONDO GRADO;ISTITUTO TECNICO PER IL SETTORE ECONOMICO - LEVICO;0221045401;70;4
"ISTITUTO DI ISTRUZIONE ""M. Curie"" - PERGINE VALSUGANA";SECONDARIA DI SECONDO GRADO;ISTITUTO TECNICO PER IL SETTORE ECONOMICO - PERGINE;0221395403;85;6
"ISTITUTO DI ISTRUZIONE ""M. Curie"" - PERGINE VALSUGANA";SECONDARIA DI SECONDO GRADO;ISTITUTO TECNICO PER IL SETTORE ECONOMICO SERALE;0221395404;31;3
"ISTITUTO DI ISTRUZIONE ""M. Curie"" - PERGINE VALSUGANA";SECONDARIA DI SECONDO GRADO;ISTITUTO TECNICO PER IL SETTORE TECNOLOGICO;0221395207;185;14
"ISTITUTO DI ISTRUZIONE ""M. Curie"" - PERGINE VALSUGANA";SECONDARIA DI SECONDO GRADO;ISTITUTO TECNICO PER IL SETTORE TECNOLOGICO SERALE;0221395208;13;3
"ISTITUTO DI ISTRUZIONE ""M. Curie"" - PERGINE VALSUGANA";SECONDARIA DI SECONDO GRADO;LICEO DELLE SCIENZE UMANE;0221397103;89;6
"ISTITUTO DI ISTRUZIONE ""M. Curie"" - PERGINE VALSUGANA";SECONDARIA DI SECONDO GRADO;LICEO DELLE SCIENZE UMANE OPZIONE ECONOMICO SOCIALE;0221397104;109;6
"ISTITUTO DI ISTRUZIONE ""M. Curie"" - PERGINE VALSUGANA";SECONDARIA DI SECONDO GRADO;LICEO LINGUISTICO;0221397105;94;5
"ISTITUTO DI ISTRUZIONE ""M. Curie"" - PERGINE VALSUGANA";SECONDARIA DI SECONDO GRADO;LICEO SCIENTIFICO;0221397101;69;5
"ISTITUTO DI ISTRUZIONE ""M. Martini"" - MEZZOLOMBARDO";SECONDARIA DI PRIMO GRADO;EDUCAZIONE PER ADULTI RELATIVA AL PRIMO CICLO;0221179901;18;1
"ISTITUTO DI ISTRUZIONE ""M. Martini"" - MEZZOLOMBARDO";SECONDARIA DI SECONDO GRADO;ISTITUTO TECNICO PER IL SETTORE ECONOMICO;0221175403;242;13
"ISTITUTO DI ISTRUZIONE ""M. Martini"" - MEZZOLOMBARDO";SECONDARIA DI SECONDO GRADO;ISTITUTO TECNICO PER IL SETTORE ECONOMICO SERALE;0221174403;36;4
"ISTITUTO DI ISTRUZIONE ""M. Martini"" - MEZZOLOMBARDO";SECONDARIA DI SECONDO GRADO;ISTITUTO TECNICO PER IL SETTORE TECNOLOGICO;0221175404;145;10
"ISTITUTO DI ISTRUZIONE ""M. Martini"" - MEZZOLOMBARDO";SECONDARIA DI SECONDO GRADO;LICEO DELLE SCIENZE UMANE OPZIONE ECONOMICO SOCIALE;0221177105;145;9
"ISTITUTO DI ISTRUZIONE ""M. Martini"" - MEZZOLOMBARDO";SECONDARIA DI SECONDO GRADO;LICEO SCIENTIFICO;0221177103;199;11
"ISTITUTO DI ISTRUZIONE ""M. Martini"" - MEZZOLOMBARDO";SECONDARIA DI SECONDO GRADO;LICEO SCIENTIFICO OPZIONE SCIENZE APPLICATE;0221177104;148;11
"ISTITUTO DI ISTRUZIONE ""don L.Milani"" - ROVERETO";SECONDARIA DI PRIMO GRADO;EDUCAZIONE PER ADULTI RELATIVA AL PRIMO CICLO;0221619901;39;3
"ISTITUTO DI ISTRUZIONE ""don L.Milani"" - ROVERETO";SECONDARIA DI SECONDO GRADO;ISTITUTO PROFESSIONALE PER IL SETTORE DEI SERVIZI;0221614402;429;21
"ISTITUTO DI ISTRUZIONE ""don L.Milani"" - ROVERETO";SECONDARIA DI SECONDO GRADO;ISTITUTO PROFESSIONALE PER IL SETTORE DEI SERVIZI SERALE;0221614416;61;5
"ISTITUTO DI ISTRUZIONE ""don L.Milani"" - ROVERETO";SECONDARIA DI SECONDO GRADO;ISTITUTO TECNICO PER IL SETTORE ECONOMICO;0221615401;319;19
"ISTITUTO DI ISTRUZIONE ""don L.Milani"" - ROVERETO";SECONDARIA DI SECONDO GRADO;ISTITUTO TECNICO PER IL SETTORE ECONOMICO SERALE;0221614415;37;6
ISTITUTO SACRO CUORE - TRENTO;PRIMARIA;SCUOLA PRIMARIA SACRO CUORE TRENTO;0222052108;202;10
ISTITUTO SACRO CUORE - TRENTO;SECONDARIA DI PRIMO GRADO;SCUOLA SECONDARIA DI PRIMO GRADO SACRO CUORE TRENTO;0222053013;210;10
ISTITUTO SACRO CUORE - TRENTO;SECONDARIA DI SECONDO GRADO;ISTITUTO TECNICO PER IL SETTORE TECNOLOGICO;0222055240;36;2
ISTITUTO SACRO CUORE - TRENTO;SECONDARIA DI SECONDO GRADO;LICEO ARTISTICO;0222057151;79;4
ISTITUTO SACRO CUORE - TRENTO;SECONDARIA DI SECONDO GRADO;LICEO DELLE SCIENZE UMANE;0222057150;93;5
ISTITUTO SALESIANO MARIA AUSILIATRICE - TRENTO;SECONDARIA DI PRIMO GRADO;SCUOLA SECONDARIA DI PRIMO GRADO MARIA AUSILIATRICE TRENTO;0222053012;225;9
ISTITUTO SALESIANO S. CROCE - MEZZANO;PRIMARIA;SCUOLA PRIMARIA SANTA CROCE MEZZANO;0221152102;71;5
ISTITUTO SALESIANO S. CROCE - MEZZANO;SECONDARIA DI PRIMO GRADO;SCUOLA SECONDARIA DI PRIMO GRADO SANTA CROCE MEZZANO;0221153001;71;3
"ISTITUTO TECNICO ECONOMICO ""A. Tambosi"" - TRENTO";SECONDARIA DI SECONDO GRADO;ISTITUTO TECNICO PER IL SETTORE ECONOMICO;0222055431;848;45
"ISTITUTO TECNICO ECONOMICO ""A. Tambosi"" - TRENTO";SECONDARIA DI SECONDO GRADO;ISTITUTO TECNICO PER IL SETTORE ECONOMICO SERALE;0222055406;91;8
"ISTITUTO TECNICO ECONOMICO E TECNOLOGICO ""C.A. Pilati"" - CLES";SECONDARIA DI PRIMO GRADO;EDUCAZIONE PER ADULTI RELATIVA AL PRIMO CICLO;0220629903;5;1
"ISTITUTO TECNICO ECONOMICO E TECNOLOGICO ""C.A. Pilati"" - CLES";SECONDARIA DI SECONDO GRADO;ISTITUTO TECNICO PER IL SETTORE ECONOMICO;0220625208;245;14
"ISTITUTO TECNICO ECONOMICO E TECNOLOGICO ""C.A. Pilati"" - CLES";SECONDARIA DI SECONDO GRADO;ISTITUTO TECNICO PER IL SETTORE ECONOMICO SERALE;0220625509;35;3
"ISTITUTO TECNICO ECONOMICO E TECNOLOGICO ""C.A. Pilati"" - CLES";SECONDARIA DI SECONDO GRADO;ISTITUTO TECNICO PER IL SETTORE TECNOLOGICO;0220625209;448;27
"ISTITUTO TECNICO ECONOMICO E TECNOLOGICO ""C.A. Pilati"" - CLES";SECONDARIA DI SECONDO GRADO;ISTITUTO TECNICO PER IL SETTORE TECNOLOGICO SERALE;0220625508;12;3
"ISTITUTO TECNICO ECONOMICO E TECNOLOGICO ""F. e G. Fontana"" - ROVERETO";SECONDARIA DI SECONDO GRADO;ISTITUTO TECNICO PER IL SETTORE ECONOMICO;0221615404;306;18
"ISTITUTO TECNICO ECONOMICO E TECNOLOGICO ""F. e G. Fontana"" - ROVERETO";SECONDARIA DI SECONDO GRADO;ISTITUTO TECNICO PER IL SETTORE ECONOMICO SERALE;0221615508;23;3
"ISTITUTO TECNICO ECONOMICO E TECNOLOGICO ""F. e G. Fontana"" - ROVERETO";SECONDARIA DI SECONDO GRADO;ISTITUTO TECNICO PER IL SETTORE TECNOLOGICO;0221615506;89;6
"ISTITUTO TECNICO ECONOMICO E TECNOLOGICO ""F. e G. Fontana"" - ROVERETO";SECONDARIA DI SECONDO GRADO;ISTITUTO TECNICO PER IL SETTORE TECNOLOGICO SERALE;0221615507;8;3
"ISTITUTO TECNICO ECONOMICO E TECNOLOGICO ""G. Floriani"" - RIVA DEL GARDA";SECONDARIA DI PRIMO GRADO;EDUCAZIONE PER ADULTI RELATIVA AL PRIMO CICLO;0221539901;10;1
"ISTITUTO TECNICO ECONOMICO E TECNOLOGICO ""G. Floriani"" - RIVA DEL GARDA";SECONDARIA DI SECONDO GRADO;ISTITUTO TECNICO PER IL SETTORE ECONOMICO;0221535402;334;18
"ISTITUTO TECNICO ECONOMICO E TECNOLOGICO ""G. Floriani"" - RIVA DEL GARDA";SECONDARIA DI SECONDO GRADO;ISTITUTO TECNICO PER IL SETTORE ECONOMICO SERALE;0221535408;50;7
"ISTITUTO TECNICO ECONOMICO E TECNOLOGICO ""G. Floriani"" - RIVA DEL GARDA";SECONDARIA DI SECONDO GRADO;ISTITUTO TECNICO PER IL SETTORE TECNOLOGICO;0221535201;281;20
"ISTITUTO TECNICO ECONOMICO E TECNOLOGICO ""G. Floriani"" - RIVA DEL GARDA";SECONDARIA DI SECONDO GRADO;ISTITUTO TECNICO PER IL SETTORE TECNOLOGICO SERALE;0221535409;7;3
"ISTITUTO TECNICO TECNOLOGICO ""G. Marconi"" - ROVERETO";SECONDARIA DI SECONDO GRADO;ISTITUTO TECNICO PER IL SETTORE TECNOLOGICO;0221615204;952;48
"ISTITUTO TECNICO TECNOLOGICO ""G. Marconi"" - ROVERETO";SECONDARIA DI SECONDO GRADO;ISTITUTO TECNICO PER IL SETTORE TECNOLOGICO SERALE;0221615205;46;9
"ISTITUTO TECNICO TECNOLOGICO ""M. Buonarroti"" - TRENTO";SECONDARIA DI SECONDO GRADO;ISTITUTO TECNICO PER IL SETTORE TECNOLOGICO;0222055205;1635;84
"ISTITUTO TECNICO TECNOLOGICO ""M. Buonarroti"" - TRENTO";SECONDARIA DI SECONDO GRADO;ISTITUTO TECNICO PER IL SETTORE TECNOLOGICO SERALE;0222055207;76;9
Istituto Formazione Professionale Alberghiero - Levico;FORMAZIONE PROFESSIONALE;SETTORE SERVIZI;0221049698;304;18
Istituto Formazione Professionale Alberghiero - Levico;FORMAZIONE PROFESSIONALE;SETTORE SERVIZI SERALE;2013;44;2
Istituto Formazione Professionale Alberghiero - Rovereto;FORMAZIONE PROFESSIONALE;SETTORE INDUSTRIA E ARTIGIANATO;2017;35;2
Istituto Formazione Professionale Alberghiero - Rovereto;FORMAZIONE PROFESSIONALE;SETTORE SERVIZI;0221619696;297;16
Istituto Formazione Professionale Alberghiero - Rovereto;FORMAZIONE PROFESSIONALE;SETTORE SERVIZI SERALE;0221619685;70;3
"Istituto Formazione Professionale Servizi alla Persona e Legno ""S. Pertini"" - Trento";FORMAZIONE PROFESSIONALE;SETTORE INDUSTRIA E ARTIGIANATO;0222059693;140;9
"Istituto Formazione Professionale Servizi alla Persona e Legno ""S. Pertini"" - Trento";FORMAZIONE PROFESSIONALE;SETTORE SERVIZI;0222059695;258;16
"Istituto Formazione Professionale Servizi alla Persona e Legno ""S. Pertini"" - Trento";FORMAZIONE PROFESSIONALE;SETTORE SERVIZI SERALE;0222059670;102;9
"LICEO ""A. Maffei"" - RIVA DEL GARDA";SECONDARIA DI SECONDO GRADO;LICEO CLASSICO;0221537204;79;5
"LICEO ""A. Maffei"" - RIVA DEL GARDA";SECONDARIA DI SECONDO GRADO;LICEO DELLE SCIENZE UMANE;0221537108;211;10
"LICEO ""A. Maffei"" - RIVA DEL GARDA";SECONDARIA DI SECONDO GRADO;LICEO LINGUISTICO;0221537109;130;7
"LICEO ""A. Maffei"" - RIVA DEL GARDA";SECONDARIA DI SECONDO GRADO;LICEO MUSICALE E COREUTICO;0221537110;37;5
"LICEO ""A. Maffei"" - RIVA DEL GARDA";SECONDARIA DI SECONDO GRADO;LICEO SCIENTIFICO;0221537106;298;15
"LICEO ""A. Maffei"" - RIVA DEL GARDA";SECONDARIA DI SECONDO GRADO;LICEO SCIENTIFICO OPZIONE SCIENZE APPLICATE;0221537107;174;9
"LICEO ""A. Rosmini"" - ROVERETO";SECONDARIA DI SECONDO GRADO;LICEO CLASSICO;0221617207;102;6
"LICEO ""A. Rosmini"" - ROVERETO";SECONDARIA DI SECONDO GRADO;LICEO LINGUISTICO;0221617111;244;13
"LICEO ""A. Rosmini"" - ROVERETO";SECONDARIA DI SECONDO GRADO;LICEO SCIENTIFICO;0221617109;423;21
"LICEO ""A. Rosmini"" - ROVERETO";SECONDARIA DI SECONDO GRADO;LICEO SCIENTIFICO OPZIONE SCIENZE APPLICATE;0221617110;320;17
"LICEO ""A. Rosmini"" - TRENTO";SECONDARIA DI PRIMO GRADO;EDUCAZIONE PER ADULTI RELATIVA AL PRIMO CICLO;0222059901;470;8
"LICEO ""A. Rosmini"" - TRENTO";SECONDARIA DI SECONDO GRADO;LICEO DELLE SCIENZE UMANE;0222057132;749;34
"LICEO ""A. Rosmini"" - TRENTO";SECONDARIA DI SECONDO GRADO;LICEO DELLE SCIENZE UMANE OPZIONE ECONOMICO SOCIALE;0222057133;247;13
"LICEO ""A. Rosmini"" - TRENTO";SECONDARIA DI SECONDO GRADO;LICEO DELLE SCIENZE UMANE OPZIONE ECONOMICO SOCIALE SERALE;0222056235;138;6
"LICEO ""B. Russell"" - CLES";SECONDARIA DI SECONDO GRADO;LICEO CLASSICO;0220627104;69;5
"LICEO ""B. Russell"" - CLES";SECONDARIA DI SECONDO GRADO;LICEO DELLE SCIENZE UMANE;0220627107;151;9
"LICEO ""B. Russell"" - CLES";SECONDARIA DI SECONDO GRADO;LICEO DELLE SCIENZE UMANE OPZIONE ECONOMICO SOCIALE;0220627108;85;5
"LICEO ""B. Russell"" - CLES";SECONDARIA DI SECONDO GRADO;LICEO LINGUISTICO;0220627106;166;10
"LICEO ""B. Russell"" - CLES";SECONDARIA DI SECONDO GRADO;LICEO SCIENTIFICO;0220627103;227;14
"LICEO ""B. Russell"" - CLES";SECONDARIA DI SECONDO GRADO;LICEO SCIENTIFICO OPZIONE SCIENZE APPLICATE;0220627105;176;10
"LICEO ""F. Filzi"" - ROVERETO";SECONDARIA DI SECONDO GRADO;LICEO DELLE SCIENZE UMANE;0221617112;416;21
"LICEO ""F. Filzi"" - ROVERETO";SECONDARIA DI SECONDO GRADO;LICEO DELLE SCIENZE UMANE OPZIONE ECONOMICO SOCIALE;0221617113;265;15
"LICEO CLASSICO ""G. Prati"" - TRENTO";SECONDARIA DI SECONDO GRADO;LICEO CLASSICO;0222057213;395;22
"LICEO DELLE ARTI DI TRENTO E ROVERETO ""Vittoria-Bonporti-Depero""";SECONDARIA DI SECONDO GRADO;"LICEO ARTISTICO ""Depero""- ROVERETO";0221617114;368;26
"LICEO DELLE ARTI DI TRENTO E ROVERETO ""Vittoria-Bonporti-Depero""";SECONDARIA DI SECONDO GRADO;"LICEO ARTISTICO ""Vittoria"" - Trento";0222057136;650;40
"LICEO DELLE ARTI DI TRENTO E ROVERETO ""Vittoria-Bonporti-Depero""";SECONDARIA DI SECONDO GRADO;LICEO MUSICALE COREUTICO ;0222057137;227;15
"LICEO LINGUISTICO ""S. M. Scholl"" - TRENTO";SECONDARIA DI SECONDO GRADO;LICEO LINGUISTICO;0222057135;802;41
"LICEO SCIENTIFICO ""G. Galilei"" - TRENTO";SECONDARIA DI SECONDO GRADO;LICEO SCIENTIFICO;0222057111;520;27
"LICEO SCIENTIFICO ""G. Galilei"" - TRENTO";SECONDARIA DI SECONDO GRADO;LICEO SCIENTIFICO OPZIONE SCIENZE APPLICATE;0222057130;370;19
"LICEO SCIENTIFICO ""L. Da Vinci"" - TRENTO";SECONDARIA DI SECONDO GRADO;LICEO SCIENTIFICO;0222057112;613;31
"LICEO SCIENTIFICO ""L. Da Vinci"" - TRENTO";SECONDARIA DI SECONDO GRADO;LICEO SCIENTIFICO OPZIONE SCIENZE APPLICATE;0222057134;851;40
SCUOLA LADINA DI FASSA - SCOLA LADINA DE FASCIA;PRIMARIA;"SCUOLA PRIMARIA ""DON G. B. MASSAR"" VIGO DI FASSA";0222172101;46;5
SCUOLA LADINA DI FASSA - SCOLA LADINA DE FASCIA;PRIMARIA;"SCUOLA PRIMARIA ""DON L. GROSS"" POZZA DI FASSA";0221452101;137;9
SCUOLA LADINA DI FASSA - SCOLA LADINA DE FASCIA;PRIMARIA;"SCUOLA PRIMARIA ""G. RIZZI"" CANAZEI";0220392101;131;10
SCUOLA LADINA DI FASSA - SCOLA LADINA DE FASCIA;PRIMARIA;"SCUOLA PRIMARIA ""PADRE E. CHIOCCHETTI"" MOENA";0221182101;136;9
SCUOLA LADINA DI FASSA - SCOLA LADINA DE FASCIA;SECONDARIA DI PRIMO GRADO;"SCUOLA SECONDARIA DI PRIMO GRADO ""DON G. JORI"" MOENA";0221183001;84;6
SCUOLA LADINA DI FASSA - SCOLA LADINA DE FASCIA;SECONDARIA DI PRIMO GRADO;"SCUOLA SECONDARIA DI PRIMO GRADO ""T. SORARUF"" CAMPITELLO DI FASSA";0220363001;90;6
SCUOLA LADINA DI FASSA - SCOLA LADINA DE FASCIA;SECONDARIA DI PRIMO GRADO;SCUOLA SECONDARIA DI PRIMO GRADO POZZA DI FASSA;0221453001;152;8
SCUOLA LADINA DI FASSA - SCOLA LADINA DE FASCIA;SECONDARIA DI SECONDO GRADO;LICEO ARTISTICO;0221457103;163;10
SCUOLA LADINA DI FASSA - SCOLA LADINA DE FASCIA;SECONDARIA DI SECONDO GRADO;LICEO LADINO DELLE LINGUE;0221457102;155;10
SCUOLA LADINA DI FASSA - SCOLA LADINA DE FASCIA;SECONDARIA DI SECONDO GRADO;LICEO SCIENTIFICO;0221457101;111;7
SCUOLA PARITARIA LA VELA - FONDAZIONE FAMIGLIA MATERNA - ROVERETO;PRIMARIA;"SCUOLA PRIMARIA ""LA VELA"" ROVERETO";0221612113;111;5
SCUOLA PARITARIA LA VELA - FONDAZIONE FAMIGLIA MATERNA - ROVERETO;SECONDARIA DI PRIMO GRADO;"SCUOLA SECONDARIA DI PRIMO GRADO ""LA VELA"" ROVERETO";0221613050;76;3
"SOCIETA' COOPERATIVA A R.L. ""I. DE CARNERI"" OXFORD CIVEZZANO";SECONDARIA DI SECONDO GRADO;ISTITUTO PROFESSIONALE PER IL SETTORE DEI SERVIZI;0220614705;94;5
"SOCIETA' COOPERATIVA A R.L. ""I. DE CARNERI"" OXFORD CIVEZZANO";SECONDARIA DI SECONDO GRADO;ISTITUTO TECNICO PER IL SETTORE ECONOMICO;0220615401;132;6
"SOCIETA' COOPERATIVA A R.L. ""I. DE CARNERI"" OXFORD CIVEZZANO";SECONDARIA DI SECONDO GRADO;ISTITUTO TECNICO PER IL SETTORE TECNOLOGICO;0220615402;115;5
"SOCIETA' COOPERATIVA A R.L. ""I. DE CARNERI"" OXFORD CIVEZZANO";FORMAZIONE PROFESSIONALE;SETTORE SERVIZI;0220614704;87;4
