Nome,lat,lon,Tipo Istituto,Gestione,Comune,geometry,Id,Studenti,Classi
Liceo Delle Scienze Umane,46.2899142,11.467830193294564,Scuola Secondaria di Secondo Grado,Statale,Cavalese,POINT (11.467830193294564 46.2899142),2008,39,2
Scuola Primaria Ronchi Valsugana,46.06800920627712,11.435267787092267,Scuola Primaria,Statale,Ronchi Valsugana,POINT (11.435267787092267 46.06800920627712),2009,41,6
Scuola Primaria Brentonico,45.922970020176365,11.14273997542577,Scuola Primaria,Statale,Brentonico,POINT (11.14273997542577 45.922970020176365),2011,181,10
Settore Industria E Artigianato,45.89097000932833,11.04726003997365,Formazione professionale,Statale,Rovereto,POINT (11.04726003997365 45.89097000932833),2017,38,2
"Scuola Secondaria Di Primo Grado ""P. Rella"" Folgaria",45.917330005167685,11.168039995789542,Scuola Secondaria di Primo Grado,Statale,Folgaria,POINT (11.168039995789542 45.917330005167685),0220873001,58,3
Settore Servizi Serale,46.013440008281464,11.30494002779244,Formazione professionale,Statale,Levico Terme,POINT (11.30494002779244 46.013440008281464),2013,96,4
Settore Servizi Rovereto,45.89795748959229,11.036848147909966,Formazione professionale,Paritaria,Rovereto,POINT (11.036848147909966 45.89795748959229),2027,19,1
"Scuola Secondaria Di Primo Grado ""G. B. Lampi"" Fondo",46.43928,11.1366,Scuola Secondaria di Primo Grado,Statale,Borgo D'Anaunia,POINT (11.1366 46.43928),0220883001,219,12
Scuola Secondaria Di Primo Grado Brentonico,45.922970020176365,11.14273997542577,Scuola Secondaria di Primo Grado,Statale,Brentonico,POINT (11.14273997542577 45.922970020176365),2012,128,7
"Scuola Primaria ""C. Darwin"" Mezzolombardo",46.21359318,11.09245785,Scuola Primaria,Statale,Mezzolombardo,POINT (11.09245785 46.21359318),0221172101,386,20
Liceo Scientifico,46.06370881,11.1360572,Scuola Secondaria di Secondo Grado,Statale,Trento,POINT (11.1360572 46.06370881),0222057111,527,27
Liceo Scientifico Opzione Scienze Applicate,46.06370881,11.1360572,Scuola Secondaria di Secondo Grado,Statale,Trento,POINT (11.1360572 46.06370881),0222057130,375,19
Liceo Scientifico,46.06271509,11.12032636,Scuola Secondaria di Secondo Grado,Statale,Trento,POINT (11.12032636 46.06271509),0222057112,625,31
Liceo Scientifico Opzione Scienze Applicate,46.06271509,11.12032636,Scuola Secondaria di Secondo Grado,Statale,Trento,POINT (11.12032636 46.06271509),0222057134,872,40
Liceo Classico,46.06627324,11.12470189,Scuola Secondaria di Secondo Grado,Statale,Trento,POINT (11.12470189 46.06627324),0222057213,402,22
Scuola Primaria Nave San Rocco,46.16670624,11.10974565,Scuola Primaria,Statale,Terre D'Adige,POINT (11.10974565 46.16670624),0221262101,83,5
"Scuola Secondaria Di Primo Grado ""A. Eccher Dall'Eco"" Mezzolombardo",46.21227843,11.09672276,Scuola Secondaria di Primo Grado,Statale,Mezzolombardo,POINT (11.09672276 46.21227843),0221173001,276,15
Liceo Scientifico Opzione Scienze Applicate,46.21765617,11.09397786,Scuola Secondaria di Secondo Grado,Statale,Mezzolombardo,POINT (11.09397786 46.21765617),0221177104,150,11
Liceo Delle Scienze Umane Opzione Economico Sociale,46.21765617,11.09397786,Scuola Secondaria di Secondo Grado,Statale,Mezzolombardo,POINT (11.09397786 46.21765617),0221177105,158,9
Istituto Tecnico Per Il Settore Economico,46.21765617,11.09397786,Scuola Secondaria di Secondo Grado,Statale,Mezzolombardo,POINT (11.09397786 46.21765617),0221175403,259,13
Istituto Tecnico Per Il Settore Tecnologico,46.21765617,11.09397786,Scuola Secondaria di Secondo Grado,Statale,Mezzolombardo,POINT (11.09397786 46.21765617),0221175404,153,10
Istituto Tecnico Per Il Settore Economico Serale,46.21765617,11.09397786,Scuola Secondaria di Secondo Grado,Statale,Mezzolombardo,POINT (11.09397786 46.21765617),0221174403,86,8
Educazione Per Adulti Relativa Al Primo Ciclo,46.21765617,11.09397786,Educazione per adulti,Statale,Mezzolombardo,POINT (11.09397786 46.21765617),0221179901,229,8
Liceo Scientifico,46.21765617,11.09397786,Scuola Secondaria di Secondo Grado,Statale,Mezzolombardo,POINT (11.09397786 46.21765617),0221177103,199,11
"Scuola Secondaria Di Primo Grado ""G. Garibaldi"" Bezzecca",45.89516601,10.72084423,Scuola Secondaria di Primo Grado,Statale,Ledro,POINT (10.72084423 45.89516601),0220143001,155,8
Scuola Primaria Tiarno Di Sopra,45.88916535,10.67018708,Scuola Primaria,Statale,Ledro,POINT (10.67018708 45.88916535),0221972101,47,5
Scuola Primaria Molina Di Ledro,45.87024547,10.77418416,Scuola Primaria,Statale,Ledro,POINT (10.77418416 45.87024547),0221192101,59,5
"Scuola Primaria ""O. Ferrari"" Enguiso",45.90442179,10.72921443,Scuola Primaria,Statale,Ledro,POINT (10.72921443 45.90442179),0220652101,93,5
"Scuola Secondaria Di Primo Grado ""B. Malfatti"" Mori",45.85230766,10.98554092,Scuola Secondaria di Primo Grado,Statale,Mori,POINT (10.98554092 45.85230766),0221233001,311,15
Scuola Primaria Ronzo Chienis,45.89075034,10.95070541,Scuola Primaria,Statale,Ronzo-Chienis,POINT (10.95070541 45.89075034),0221352101,65,5
Scuola Primaria Mori,45.85173804,10.97434785,Scuola Primaria,Statale,Mori,POINT (10.97434785 45.85173804),0221232101,407,20
"Scuola Secondaria Di Primo Grado ""C. Andreatta"" Pergine Valsugana",46.0685614,11.24481204,Scuola Secondaria di Primo Grado,Statale,Pergine Valsugana,POINT (11.24481204 46.0685614),0221393001,376,17
Scuola Primaria S.Felice Fierozzo,46.11218853,11.3191694,Scuola Primaria,Statale,Fierozzo,POINT (11.3191694 46.11218853),0220852101,31,5
"Liceo Artistico ""Depero""- Rovereto",45.88731763,11.04592974,Scuola Secondaria di Secondo Grado,Statale,Rovereto,POINT (11.04592974 45.88731763),0221617114,382,21
Liceo Musicale Coreutico ,46.06905328,11.12627657,Scuola Secondaria di Secondo Grado,Statale,Trento,POINT (11.12627657 46.06905328),0222057137,231,15
"Liceo Artistico ""Vittoria"" - Trento",46.09325628,11.11621086,Scuola Secondaria di Secondo Grado,Statale,Trento,POINT (11.11621086 46.09325628),0222057136,667,34
Scuola Secondaria Di Primo Grado Arcivescovile Trento,46.062139997287716,11.121539963000231,Scuola Secondaria di Primo Grado,Paritaria,Trento,POINT (11.121539963000231 46.062139997287716),0222053011,276,11
Scuola Primaria Arcivescovile Trento,46.062139997287716,11.121539963000231,Scuola Primaria,Paritaria,Trento,POINT (11.121539963000231 46.062139997287716),0222052149,131,6
Liceo Scientifico Arcivescovile - Trento,46.062139997287716,11.121539963000231,Scuola Secondaria di Secondo Grado,Paritaria,Trento,POINT (11.121539963000231 46.062139997287716),0222057116,99,6
Liceo Classico Arcivescovile - Trento,46.062139997287716,11.121539963000231,Scuola Secondaria di Secondo Grado,Paritaria,Trento,POINT (11.121539963000231 46.062139997287716),0222057214,48,4
Istituto Tecnico Per Il Settore Tecnologico,46.062139997287716,11.121539963000231,Scuola Secondaria di Secondo Grado,Paritaria,Trento,POINT (11.121539963000231 46.062139997287716),0222055433,66,4
Istituto Tecnico Per Il Settore Economico,46.062139997287716,11.121539963000231,Scuola Secondaria di Secondo Grado,Paritaria,Trento,POINT (11.121539963000231 46.062139997287716),0222055432,56,5
Liceo Linguistico Arcivescovile - Trento,46.062139997287716,11.121539963000231,Scuola Secondaria di Secondo Grado,Paritaria,Trento,POINT (11.121539963000231 46.062139997287716),0222057138,7,1
Scuola Secondaria Di Primo Grado Sacro Cuore Trento,46.0675394,11.11956138,Scuola Secondaria di Primo Grado,Paritaria,Trento,POINT (11.11956138 46.0675394),0222053013,211,10
Scuola Primaria Sacro Cuore Trento,46.0675394,11.11956138,Scuola Primaria,Paritaria,Trento,POINT (11.11956138 46.0675394),0222052108,205,10
Liceo Artistico,46.0675394,11.11956138,Scuola Secondaria di Secondo Grado,Paritaria,Trento,POINT (11.11956138 46.0675394),0222057151,81,4
Liceo Delle Scienze Umane,46.0675394,11.11956138,Scuola Secondaria di Secondo Grado,Paritaria,Trento,POINT (11.11956138 46.0675394),0222057150,93,5
Istituto Tecnico Per Il Settore Tecnologico,46.0675394,11.11956138,Scuola Secondaria di Secondo Grado,Paritaria,Trento,POINT (11.11956138 46.0675394),0222055240,36,2
Scuola Secondaria Di Primo Grado Vigolo Vattaro,46.00445076,11.19680597,Scuola Secondaria di Primo Grado,Statale,Altopiano Della Vigolana,POINT (11.19680597 46.00445076),0222193001,153,7
Scuola Primaria Vigolo Vattaro,46.00445076,11.19680597,Scuola Primaria,Statale,Altopiano Della Vigolana,POINT (11.19680597 46.00445076),0222192101,133,8
"Scuola Primaria ""A. Fogazzaro"" Vattaro",46.00128166,11.22644087,Scuola Primaria,Statale,Altopiano Della Vigolana,POINT (11.22644087 46.00128166),0222122101,78,5
"Scuola Primaria ""Don T. Segnana"" Centa San Nicolo'",45.96853827,11.23183372,Scuola Primaria,Statale,Altopiano Della Vigolana,POINT (11.23183372 45.96853827),0220562101,57,6
Liceo Linguistico,46.05935578,11.12192491,Scuola Secondaria di Secondo Grado,Statale,Trento,POINT (11.12192491 46.05935578),0222057135,826,41
Istituto Tecnico Per Il Settore Economico Serale,46.06553655,11.12940325,Scuola Secondaria di Secondo Grado,Statale,Trento,POINT (11.12940325 46.06553655),0222055406,231,18
Istituto Tecnico Per Il Settore Economico,46.06553655,11.12940325,Scuola Secondaria di Secondo Grado,Statale,Trento,POINT (11.12940325 46.06553655),0222055431,865,45
"Scuola Secondaria Di Primo Grado ""A. Frank"" Villa Lagarina",45.91820607,11.03103851,Scuola Secondaria di Primo Grado,Statale,Villa Lagarina,POINT (11.03103851 45.91820607),0222223001,267,12
"Scuola Primaria ""R. Galvagni"" Pomarolo",45.92820278,11.04249271,Scuola Primaria,Statale,Pomarolo,POINT (11.04249271 45.92820278),0221442101,136,9
"Scuola Primaria ""L. Vicentini"" Nomi",45.92775893,11.07047479,Scuola Primaria,Statale,Nomi,POINT (11.07047479 45.92775893),0221282101,46,5
"Scuola Primaria ""P. Lodron"" Villa Lagarina",45.9187164,11.03164213,Scuola Primaria,Statale,Villa Lagarina,POINT (11.03164213 45.9187164),0222222101,208,10
Scuola Primaria Nogaredo,45.9092342,11.02207632,Scuola Primaria,Statale,Nogaredo,POINT (11.02207632 45.9092342),0221272101,78,5
Settore Servizi,45.9935369,11.2198422882079,Formazione professionale,Paritaria,Rovereto,POINT (11.2198422882079 45.9935369),0221619694,70,4
"Scuola Secondaria Di Primo Grado ""C. Battisti"" Ala",45.75613945,11.00344797,Scuola Secondaria di Primo Grado,Statale,Ala,POINT (11.00344797 45.75613945),0220013001,269,13
"Scuola Primaria ""M.T. Di Calcutta"" Serravalle",45.81193303,11.01420575,Scuola Primaria,Statale,Ala,POINT (11.01420575 45.81193303),0220012105,104,6
"Scuola Primaria ""A. Betta"" Ala",45.75619984,11.00158813,Scuola Primaria,Statale,Ala,POINT (11.00158813 45.75619984),0220012101,318,15
"Scuola Secondaria Di Primo Grado ""N. D'Arco"" Arco",45.92407847,10.89139618,Scuola Secondaria di Primo Grado,Statale,Arco,POINT (10.89139618 45.92407847),0220063001,488,22
Scuola Primaria Massone,45.92437205,10.8979033,Scuola Primaria,Statale,Arco,POINT (10.8979033 45.92437205),0220062105,103,5
Scuola Primaria Bolognano,45.9128545,10.90201007,Scuola Primaria,Statale,Arco,POINT (10.90201007 45.9128545),0220062104,191,10
"Scuola Primaria ""G. Segantini"" Arco",45.9178004,10.87806166,Scuola Primaria,Statale,Arco,POINT (10.87806166 45.9178004),0220062101,340,16
Scuola Primaria Romarzollo,45.92032215,10.86420255,Scuola Primaria,Statale,Arco,POINT (10.86420255 45.92032215),0220062102,228,13
Scuola Secondaria Di Primo Grado Gardascuola Arco,45.91625846,10.88431498,Scuola Secondaria di Primo Grado,Paritaria,Arco,POINT (10.88431498 45.91625846),0220063002,142,9
Liceo Scientifico Opzione Scienze Applicate,45.91625846,10.88431498,Scuola Secondaria di Secondo Grado,Paritaria,Arco,POINT (10.88431498 45.91625846),0220067103,71,5
Istituto Tecnico Per Il Settore Economico,45.91625846,10.88431498,Scuola Secondaria di Secondo Grado,Paritaria,Arco,POINT (10.88431498 45.91625846),0220065401,106,7
Scuola Primaria Gardascuola Arco,45.91625846,10.88431498,Scuola Primaria,Paritaria,Arco,POINT (10.88431498 45.91625846),0220062106,118,8
"Scuola Secondaria Di Primo Grado ""D. Alighieri"" Avio",45.7373768,10.94508891,Scuola Secondaria di Primo Grado,Statale,Avio,POINT (10.94508891 45.7373768),0220073001,147,7
Scuola Primaria Sabbionara Di Avio,45.73998457,10.95305006,Scuola Primaria,Statale,Avio,POINT (10.95305006 45.73998457),0220072103,89,5
Scuola Primaria Avio,45.73751027,10.94380572,Scuola Primaria,Statale,Avio,POINT (10.94380572 45.73751027),0220072101,111,6
"Scuola Secondaria Di Primo Grado ""Don Giuseppe Tarter""Baselga Di Pine'",46.12857866,11.24365194,Scuola Secondaria di Primo Grado,Statale,Baselga Di Pinè,POINT (11.24365194 46.12857866),0220093001,212,9
"Scuola Primaria ""G. Verdi"" Miola Baselga Di Pine'",46.126759,11.24686481,Scuola Primaria,Statale,Baselga Di Pinè,POINT (11.24686481 46.126759),0220092102,82,5
"Scuola Primaria  ""Abramo Andreatta"" Bedollo",46.16481532,11.29990671,Scuola Primaria,Statale,Bedollo,POINT (11.29990671 46.16481532),0220112101,62,5
"Scuola Primaria ""G. Dallafior"" Baselga Di Pine'",46.13109841,11.24102467,Scuola Primaria,Statale,Baselga Di Pinè,POINT (11.24102467 46.13109841),0220092101,169,10
"Scuola Secondaria Di Primo Grado ""G. Prati"" Ponte Arche",46.0360078,10.87101449,Scuola Secondaria di Primo Grado,Statale,Comano Terme,POINT (10.87101449 46.0360078),0220163001,234,12
"Scuola Primaria ""G. Graffer"" Stenico",46.04951639,10.85641004,Scuola Primaria,Statale,Stenico,POINT (10.85641004 46.04951639),0221822101,49,5
"Scuola Primaria ""San G. Bosco"" S.Lorenzo In Banale",46.07726132,10.9064664,Scuola Primaria,Statale,San Lorenzo Dorsino,POINT (10.9064664 46.07726132),0221662101,63,5
Scuola Primaria Rango Bleggio Superiore,46.01635351,10.8156603,Scuola Primaria,Statale,Bleggio Superiore,POINT (10.8156603 46.01635351),0220172101,81,5
Scuola Primaria Fiave',46.00279931,10.84370362,Scuola Primaria,Statale,Fiavè,POINT (10.84370362 46.00279931),0220832101,60,5
Scuola Primaria Campo Lomaso,46.02448791,10.86369244,Scuola Primaria,Statale,Comano Terme,POINT (10.86369244 46.02448791),0221072101,142,9
"Scuola Secondaria Di Primo Grado ""S. Fante"" Grigno",46.01489898,11.63095941,Scuola Secondaria di Primo Grado,Statale,Grigno,POINT (11.63095941 46.01489898),0220953001,51,3
"Scuola Secondaria Di Primo Grado ""Ora E Veglia"" Borgo Valsugana",46.052335,11.45689943,Scuola Secondaria di Primo Grado,Statale,Borgo Valsugana,POINT (11.45689943 46.052335),0220223001,199,10
"Scuola Secondaria Di Primo Grado ""B. De Averaria"" Spiazzo Rendena",46.10286649,10.7405033,Scuola Secondaria di Primo Grado,Statale,Spiazzo,POINT (10.7405033 46.10286649),0221793001,154,9
"Scuola Secondaria Di Primo Grado ""L. Da Vinci"" Pinzolo",46.15971376,10.7666031,Scuola Secondaria di Primo Grado,Statale,Pinzolo,POINT (10.7666031 46.15971376),0221433001,125,6
"Scuola Secondaria Di Primo Grado ""G. B. Righi"" Madonna Di Campiglio",46.22457231,10.82485099,Scuola Secondaria di Primo Grado,Statale,Tre Ville,POINT (10.82485099 46.22457231),0221433002,30,3
"Scuola Primaria ""N. Bolognini"" Pinzolo",46.15971376,10.7666031,Scuola Primaria,Statale,Pinzolo,POINT (10.7666031 46.15971376),0221432101,60,5
"Scuola Primaria ""S. Massari"" Spiazzo Rendena",46.10286649,10.7405033,Scuola Primaria,Statale,Spiazzo,POINT (10.7405033 46.10286649),0221792101,53,5
"Scuola Primaria ""G. B. Righi"" Madonna Di Campiglio",46.22574696,10.82616262,Scuola Primaria,Statale,Tre Ville,POINT (10.82616262 46.22574696),0221432102,67,5
"Scuola Primaria ""V. Gabriotti"" Giustino",46.14789877,10.76848344,Scuola Primaria,Statale,Giustino,POINT (10.76848344 46.14789877),0220932101,41,5
Scuola Primaria Dare',46.07605726,10.7188607,Scuola Primaria,Statale,Porte Di Rendena,POINT (10.7188607 46.07605726),0220732101,109,6
Scuola Primaria Carisolo,46.16756969,10.7583701,Scuola Primaria,Statale,Carisolo,POINT (10.7583701 46.16756969),0220422101,75,5
"Scuola Primaria ""T. Giustina"" Caderzone",46.12900653,10.75614658,Scuola Primaria,Statale,Caderzone Terme,POINT (10.75614658 46.12900653),0220292101,59,5
"Scuola Secondaria Di Primo Grado ""G. Segantini"" Cavalese",46.28989535,11.46060585,Scuola Secondaria di Primo Grado,Statale,Cavalese,POINT (11.46060585 46.28989535),0220503001,310,14
"Scuola Primaria ""Don L. Gross"" Pozza Di Fassa",46.10047555,11.102575044810393,Scuola Primaria,Statale,San Giovanni Di Fassa,POINT (11.102575044810393 46.10047555),0221452101,138,9
Liceo Classico,45.89599371,11.04248084,Scuola Secondaria di Secondo Grado,Statale,Rovereto,POINT (11.04248084 45.89599371),0221617207,105,6
Liceo Linguistico,45.89599371,11.04248084,Scuola Secondaria di Secondo Grado,Statale,Rovereto,POINT (11.04248084 45.89599371),0221617111,247,13
Liceo Scientifico Opzione Scienze Applicate,45.89599371,11.04248084,Scuola Secondaria di Secondo Grado,Statale,Rovereto,POINT (11.04248084 45.89599371),0221617110,335,17
Liceo Delle Scienze Umane Opzione Economico Sociale,46.06102126,11.12576417,Scuola Secondaria di Secondo Grado,Statale,Trento,POINT (11.12576417 46.06102126),0222057133,254,13
Liceo Delle Scienze Umane,46.06102126,11.12576417,Scuola Secondaria di Secondo Grado,Statale,Trento,POINT (11.12576417 46.06102126),0222057132,763,34
"Scuola Primaria ""B. Pezzen"" Croviana",46.34509746,10.90338166,Scuola Primaria,Statale,Croviana,POINT (10.90338166 46.34509746),0220682101,71,5
Scuola Primaria Caldes,46.36555934,10.94456915,Scuola Primaria,Statale,Caldes,POINT (10.94456915 46.36555934),0220332101,63,5
"Scuola Secondaria Di Primo Grado ""C. Zanella"" Fucine Di Ossana",46.31072367,10.73256864,Scuola Secondaria di Primo Grado,Statale,Ossana,POINT (10.73256864 46.31072367),0221313001,181,9
"Scuola Primaria ""E. Bezzi"" Ossana",46.30792256,10.73930303,Scuola Primaria,Statale,Ossana,POINT (10.73930303 46.30792256),0221312101,68,5
Scuola Primaria Vermiglio,46.29775928,10.69060358,Scuola Primaria,Statale,Vermiglio,POINT (10.69060358 46.29775928),0222132101,62,5
Scuola Primaria Passo Tonale,46.25923567,10.58521419,Scuola Primaria,Statale,Vermiglio,POINT (10.58521419 46.25923567),0222132102,19,5
Scuola Primaria Cogolo Di Peio,46.36437261,10.67353757,Scuola Primaria,Statale,Peio,POINT (10.67353757 46.36437261),0221362104,81,5
Scuola Primaria Commezzadura,46.32142457,10.83729498,Scuola Primaria,Statale,Commezzadura,POINT (10.83729498 46.32142457),0220642101,67,5
Scuola Secondaria Di Primo Grado Santa Croce Mezzano,46.1630999791264,11.818139986981691,Scuola Secondaria di Primo Grado,Paritaria,Mezzano,POINT (11.818139986981691 46.1630999791264),0221153001,71,3
Scuola Primaria Santa Croce Mezzano,46.1630999791264,11.818139986981691,Scuola Primaria,Paritaria,Mezzano,POINT (11.818139986981691 46.1630999791264),0221152102,71,5
"Scuola Secondaria Di Primo Grado ""E. Chini"" Mezzocorona",46.216552,11.09252181,Scuola Secondaria di Primo Grado,Statale,Mezzocorona,POINT (11.09252181 46.216552),0221163001,340,15
"Scuola Primaria ""F. Biasi"" S.Michele All'Adige",46.19341855,11.13302859,Scuola Primaria,Statale,San Michele All'Adige,POINT (11.13302859 46.19341855),0221672101,143,7
"Scuola Primaria ""A. Degasperi"" Mezzocorona",46.21548588,11.11898989,Scuola Primaria,Statale,Mezzocorona,POINT (11.11898989 46.21548588),0221162101,292,15
"Scuola Primaria ""F.Lli Bronzetti"" Rovere' Della Luna",46.24871527,11.16970421,Scuola Primaria,Statale,Roverè Della Luna,POINT (11.16970421 46.24871527),0221602101,67,5
Scuola Primaria Grumo,46.19548313,11.12820522,Scuola Primaria,Statale,San Michele All'Adige,POINT (11.12820522 46.19548313),0221672102,82,5
Scuola Primaria Andalo,46.16594078,11.00633075,Scuola Primaria,Statale,Andalo,POINT (11.00633075 46.16594078),0220052101,71,5
"Scuola Primaria ""Don L. Rossi"" Fai Della Paganella",46.17774271,11.07000349,Scuola Primaria,Statale,Fai Della Paganella,POINT (11.07000349 46.17774271),0220812101,23,4
"Scuola Primaria ""L. Nicolussi"" Molveno",46.1426156,10.96421149,Scuola Primaria,Statale,Molveno,POINT (10.96421149 46.1426156),0221202101,36,6
"Scuola Primaria ""San G. Bosco"" Spormaggiore",46.21943776,11.04874002,Scuola Primaria,Statale,Spormaggiore,POINT (11.04874002 46.21943776),0221802101,95,6
"Scuola Secondaria Di Primo Grado ""C. Battisti"" Andalo",46.16594078,11.00633075,Scuola Secondaria di Primo Grado,Statale,Andalo,POINT (11.00633075 46.16594078),0220053001,95,6
Scuola Secondaria Di Primo Grado Spormaggiore,46.21943776,11.04874002,Scuola Secondaria di Primo Grado,Statale,Spormaggiore,POINT (11.04874002 46.21943776),0221803001,41,3
"Scuola Secondaria Di Primo Grado ""Legione Trentina"" Tione Di Trento",46.03695233,10.72686682,Scuola Secondaria di Primo Grado,Statale,Tione Di Trento,POINT (10.72686682 46.03695233),0221993001,198,9
Scuola Secondaria Di Primo Grado Roncone,45.98275799,10.66795039,Scuola Secondaria di Primo Grado,Statale,Sella Giudicarie,POINT (10.66795039 45.98275799),0221583001,63,3
"Scuola Primaria ""A. Prandini"" Roncone",45.98275799,10.66795039,Scuola Primaria,Statale,Sella Giudicarie,POINT (10.66795039 45.98275799),0221582101,72,5
Scuola Primaria Zuclo,46.0327615,10.74244038,Scuola Primaria,Statale,Borgo Lares,POINT (10.74244038 46.0327615),0222272101,69,5
Scuola Primaria Tione Di Trento,46.0367565,10.72760426,Scuola Primaria,Statale,Tione Di Trento,POINT (10.72760426 46.0367565),0221992101,178,10
Scuola Primaria Ragoli,46.05340659,10.77785634,Scuola Primaria,Statale,Tre Ville,POINT (10.77785634 46.05340659),0221512101,60,5
Scuola Primaria Bondo-Breguzzo,46.00888687,10.69891124,Scuola Primaria,Statale,Sella Giudicarie,POINT (10.69891124 46.00888687),0220242101,79,5
Liceo Scientifico,46.03686577,10.73131449,Scuola Secondaria di Secondo Grado,Statale,Tione Di Trento,POINT (10.73131449 46.03686577),0221997103,201,12
Istituto Tecnico Per Il Settore Economico,46.03686577,10.73131449,Scuola Secondaria di Secondo Grado,Statale,Tione Di Trento,POINT (10.73131449 46.03686577),0221995403,208,11
Istituto Tecnico Per Il Settore Tecnologico,46.03686577,10.73131449,Scuola Secondaria di Secondo Grado,Statale,Tione Di Trento,POINT (10.73131449 46.03686577),0221995206,126,8
Liceo Scientifico Opzione Scienze Applicate,46.03686577,10.73131449,Scuola Secondaria di Secondo Grado,Statale,Tione Di Trento,POINT (10.73131449 46.03686577),0221997104,117,7
Liceo Linguistico,46.03686577,10.73131449,Scuola Secondaria di Secondo Grado,Statale,Tione Di Trento,POINT (10.73131449 46.03686577),0221997105,138,9
Liceo Delle Scienze Umane,46.03686577,10.73131449,Scuola Secondaria di Secondo Grado,Statale,Tione Di Trento,POINT (10.73131449 46.03686577),0221997106,157,9
Istituto Tecnico Per Il Settore Tecnologico Serale,46.03686577,10.73131449,Scuola Secondaria di Secondo Grado,Statale,Tione Di Trento,POINT (10.73131449 46.03686577),0221996203,27,6
Istituto Tecnico Per Il Settore Economico Serale,46.03686577,10.73131449,Scuola Secondaria di Secondo Grado,Statale,Tione Di Trento,POINT (10.73131449 46.03686577),0221996204,34,7
Educazione Per Adulti Relativa Al Primo Ciclo,46.03686577,10.73131449,Educazione per adulti,Statale,Tione Di Trento,POINT (10.73131449 46.03686577),0221999902,111,12
Scuola Secondaria Di Primo Grado Canal San Bovo,46.15127615,11.7338196,Scuola Secondaria di Primo Grado,Statale,Canal San Bovo,POINT (11.7338196 46.15127615),0220383001,45,3
"Scuola Primaria ""F. Loss"" Canal San Bovo",46.15584483618101,11.733380346091524,Scuola Primaria,Statale,Canal San Bovo,POINT (11.733380346091524 46.15584483618101),0220382101,78,5
"Scuola Primaria ""Card. J. Bernardin"" Tonadico",46.1789374,11.83448395,Scuola Primaria,Statale,Primiero San Martino Di Castrozza,POINT (11.83448395 46.1789374),0222012101,181,11
Istituto Tecnico Per Il Settore Economico,46.17355993,11.83043306,Scuola Secondaria di Secondo Grado,Statale,Primiero San Martino Di Castrozza,POINT (11.83043306 46.17355993),0220845402,103,8
Istituto Tecnico Per Il Settore Tecnologico,46.17355993,11.83043306,Scuola Secondaria di Secondo Grado,Statale,Primiero San Martino Di Castrozza,POINT (11.83043306 46.17355993),0220845503,75,6
Liceo Scientifico Opzione Scienze Applicate,46.17355993,11.83043306,Scuola Secondaria di Secondo Grado,Statale,Primiero San Martino Di Castrozza,POINT (11.83043306 46.17355993),0220847102,87,5
"Scuola Secondaria Di Primo Grado ""Don L. Milani"" Telve",46.06936735,11.47772203,Scuola Secondaria di Primo Grado,Statale,Telve,POINT (11.47772203 46.06936735),0221883002,165,9
Scuola Primaria Telve Di Sopra,46.07012041,11.47206396,Scuola Primaria,Statale,Telve Di Sopra,POINT (11.47206396 46.07012041),0221892102,50,6
Scuola Primaria Telve,46.06936735,11.47772203,Scuola Primaria,Statale,Telve,POINT (11.47772203 46.06936735),0221882102,107,7
"Scuola Primaria ""T. V. Gozzer"" Castelnuovo",46.05272212,11.49423612,Scuola Primaria,Statale,Castelnuovo,POINT (11.49423612 46.05272212),0220492102,60,5
"Scuola Secondaria Di Primo Grado ""M. Pola"" Roncegno Terme",46.05034124,11.40741506,Scuola Secondaria di Primo Grado,Statale,Roncegno Terme,POINT (11.40741506 46.05034124),0221563002,147,8
"Scuola Primaria ""P. Martinelli"" Roncegno Terme",46.05183795,11.40848999,Scuola Primaria,Statale,Roncegno Terme,POINT (11.40848999 46.05183795),0221562104,83,5
"Scuola Primaria ""C. Corradi"" Novaledo",46.02229819,11.36566322,Scuola Primaria,Statale,Novaledo,POINT (11.36566322 46.02229819),0221292102,67,5
Scuola Primaria Marter,46.03440819,11.39274203,Scuola Primaria,Statale,Roncegno Terme,POINT (11.39274203 46.03440819),0221562103,60,5
"Scuola Secondaria Di Primo Grado ""Nuova Europa"" Dro",45.95929137,10.91011491,Scuola Secondaria di Primo Grado,Statale,Dro,POINT (10.91011491 45.95929137),0220793001,223,11
Scuola Primaria Pietramurata,46.01695362,10.94548525,Scuola Primaria,Statale,Dro,POINT (10.94548525 46.01695362),0220792102,81,5
Scuola Primaria Dro,45.96094669,10.91062905,Scuola Primaria,Statale,Dro,POINT (10.91062905 45.96094669),0220792101,270,14
Scuola Primaria Mezzano,46.15648155,11.80939463,Scuola Primaria,Statale,Mezzano,POINT (11.80939463 46.15648155),0221152101,86,6
"Scuola Primaria ""B. Zanetel"" S.Martino Di Castrozza",46.26056132,11.79797942,Scuola Primaria,Statale,Primiero San Martino Di Castrozza,POINT (11.79797942 46.26056132),0221742102,16,5
Scuola Primaria Sacra Famiglia Trento,46.07105074,11.12941838,Scuola Primaria,Paritaria,Trento,POINT (11.12941838 46.07105074),0222052121,193,9
"Scuola Secondaria Di Primo Grado ""G. Pascoli"" Povo",46.05299698,11.15079183,Scuola Secondaria di Primo Grado,Statale,Trento,POINT (11.15079183 46.05299698),0222053010,322,15
"Scuola Primaria ""G. Tomasi"" Villazzano",46.04809996,11.14614818,Scuola Primaria,Statale,Trento,POINT (11.14614818 46.04809996),0222052105,186,10
"Scuola Primaria ""U. Moggioli"" Povo",46.06395267,11.15332462,Scuola Primaria,Statale,Trento,POINT (11.15332462 46.06395267),0222052141,237,12
"Scuola Secondaria Di Primo Grado ""Argentario"" Trento",46.07453775,11.14337534,Scuola Secondaria di Primo Grado,Statale,Trento,POINT (11.14337534 46.07453775),0222053015,400,19
"Scuola Primaria ""R. Belenzani"" S.Vito",46.07417071,11.1394676,Scuola Primaria,Statale,Trento,POINT (11.1394676 46.07417071),0222052139,89,5
"Scuola Primaria ""R. Zandonai"" Martignano",46.09048641,11.13198248,Scuola Primaria,Statale,Trento,POINT (11.13198248 46.09048641),0222052138,199,11
"Scuola Primaria ""E. Bernardi"" Cognola",46.07526856,11.14327677,Scuola Primaria,Statale,Trento,POINT (11.14327677 46.07526856),0222052136,307,16
"Scuola Secondaria Di Primo Grado ""A. Fogazzaro"" Mattarello",46.00690588,11.1306546,Scuola Secondaria di Primo Grado,Statale,Trento,POINT (11.1306546 46.00690588),0222053009,253,12
Scuola Secondaria Di Primo Grado Aldeno,45.97501984,11.09335289,Scuola Secondaria di Primo Grado,Statale,Aldeno,POINT (11.09335289 45.97501984),0220033001,106,6
Scuola Primaria Romagnano Trento,46.01936411,11.10561053,Scuola Primaria,Statale,Trento,POINT (11.10561053 46.01936411),0222052132,65,5
Scuola Primaria Mattarello,46.00617137,11.12890082,Scuola Primaria,Statale,Trento,POINT (11.12890082 46.00617137),0222052130,316,15
Scuola Primaria Cimone,45.9795768,11.06854062,Scuola Primaria,Statale,Cimone,POINT (11.06854062 45.9795768),0220582101,47,5
Scuola Primaria Aldeno,45.97439667,11.09385458,Scuola Primaria,Statale,Aldeno,POINT (11.09385458 45.97439667),0220032101,156,10
"Scuola Secondaria Di Primo Grado ""O. Winkler"" Trento",46.04940326,11.13323587,Scuola Secondaria di Primo Grado,Statale,Trento,POINT (11.13323587 46.04940326),0222053001,285,14
Scuola Primaria Localita' Madonna Bianca Trento,46.03980502,11.13406936,Scuola Primaria,Statale,Trento,POINT (11.13406936 46.03980502),0222052134,156,9
Scuola Primaria Clarina Trento,46.05172238,11.12677001,Scuola Primaria,Statale,Trento,POINT (11.12677001 46.05172238),0222052145,257,14
"Scuola Primaria ""V. Da Feltre"" Borgo Valsugana",46.05202591,11.45459536,Scuola Primaria,Statale,Borgo Valsugana,POINT (11.45459536 46.05202591),0220222101,283,16
Scuola Primaria Grigno,45.9923004,11.66985445,Scuola Primaria,Statale,Grigno,POINT (11.66985445 45.9923004),0220952101,73,5
Liceo Scientifico,46.05394713,11.46125649,Scuola Secondaria di Secondo Grado,Statale,Borgo Valsugana,POINT (11.46125649 46.05394713),0220227103,116,8
Istituto Tecnico Per Il Settore Economico,46.05394713,11.46125649,Scuola Secondaria di Secondo Grado,Statale,Borgo Valsugana,POINT (11.46125649 46.05394713),0220225402,204,12
Istituto Tecnico Per Il Settore Tecnologico,46.05394713,11.46125649,Scuola Secondaria di Secondo Grado,Statale,Borgo Valsugana,POINT (11.46125649 46.05394713),0220225503,57,5
Liceo Scientifico Opzione Scienze Applicate,46.05394713,11.46125649,Scuola Secondaria di Secondo Grado,Statale,Borgo Valsugana,POINT (11.46125649 46.05394713),0220227104,171,10
Liceo Delle Scienze Umane,46.05394713,11.46125649,Scuola Secondaria di Secondo Grado,Statale,Borgo Valsugana,POINT (11.46125649 46.05394713),0220227105,157,9
Istituto Tecnico Per Il Settore Economico Serale,46.05394713,11.46125649,Scuola Secondaria di Secondo Grado,Statale,Borgo Valsugana,POINT (11.46125649 46.05394713),0220225509,166,8
Istituto Tecnico Per Il Settore Tecnologico Serale,46.05394713,11.46125649,Scuola Secondaria di Secondo Grado,Statale,Borgo Valsugana,POINT (11.46125649 46.05394713),0220225510,61,8
Istituto Professionale Per I Servizi Sanitari Serale,46.05394713,11.46125649,Scuola Secondaria di Secondo Grado,Statale,Borgo Valsugana,POINT (11.46125649 46.05394713),0220225511,179,15
Educazione Per Adulti Relativa Al Primo Ciclo,46.05394713,11.46125649,Educazione per adulti,Statale,Borgo Valsugana,POINT (11.46125649 46.05394713),0220227902,200,13
"Scuola Secondaria Di Primo Grado ""G. Bresadola"" Trento",46.06507881,11.12158686,Scuola Secondaria di Primo Grado,Statale,Trento,POINT (11.12158686 46.06507881),0222053002,518,25
"Scuola Primaria ""R. Sanzio"" Trento",46.07237366,11.1258345,Scuola Primaria,Statale,Trento,POINT (11.1258345 46.07237366),0222052117,343,15
"Scuola Primaria ""F. Crispi"" Trento",46.06435456,11.12512573,Scuola Primaria,Statale,Trento,POINT (11.12512573 46.06435456),0222052101,223,10
"Scuola Primaria ""A. Gorfer"" Trento",46.08779558,11.12003997,Scuola Primaria,Statale,Trento,POINT (11.12003997 46.08779558),0222052122,297,15
"Scuola Secondaria Di Primo Grado ""A. Manzoni"" Trento",46.07291454,11.11737736,Scuola Secondaria di Primo Grado,Statale,Trento,POINT (11.11737736 46.07291454),0222053004,464,21
"Scuola Primaria ""A. Schmid"" Cristo Re Trento",46.08228944,11.1177294,Scuola Primaria,Statale,Trento,POINT (11.1177294 46.08228944),0222052144,431,24
"Scuola Primaria ""San Vigilio"" Vela",46.08131767,11.10153527,Scuola Primaria,Statale,Trento,POINT (11.10153527 46.08131767),0222052111,78,5
"Scuola Primaria ""S. Pertini"" Sopramonte",46.0735819,11.06031352,Scuola Primaria,Statale,Trento,POINT (11.06031352 46.0735819),0222052115,121,6
"Scuola Primaria ""A. Degasperi"" Sardagna",46.06410308,11.09722332,Scuola Primaria,Statale,Trento,POINT (11.09722332 46.06410308),0222052114,35,5
Scuola Primaria Cadine,46.08937833,11.06587123,Scuola Primaria,Statale,Trento,POINT (11.06587123 46.08937833),0222052112,129,6
"Scuola Secondaria Di Primo Grado ""S. Pedrolli"" Gardolo Trento",46.10402583,11.11378289,Scuola Secondaria di Primo Grado,Statale,Trento,POINT (11.11378289 46.10402583),0222053008,459,21
"Scuola Primaria ""I. Calvino"" Vigo Meano",46.13373186,11.13561384,Scuola Primaria,Statale,Trento,POINT (11.13561384 46.13373186),0222052127,84,6
"Scuola Primaria ""E. Decarli"" Meano",46.12496372,11.11579646,Scuola Primaria,Statale,Trento,POINT (11.11579646 46.12496372),0222052126,148,9
"Scuola Primaria ""Pigarelli"" Gardolo Trento",46.10521947,11.11087657,Scuola Primaria,Statale,Trento,POINT (11.11087657 46.10521947),0222052146,328,16
"Scuola Primaria ""S. Anna"" Gardolo Trento",46.10973692,11.10982857,Scuola Primaria,Statale,Trento,POINT (11.10982857 46.10973692),0222052125,246,12
"Scuola Secondaria Di Primo Grado ""Bronzetti - Segantini"" Trento",46.05919371,11.12431336,Scuola Secondaria di Primo Grado,Statale,Trento,POINT (11.12431336 46.05919371),0222053099,451,20
"Scuola Primaria ""D. Savio"" Trento",46.05356889,11.12148502,Scuola Primaria,Statale,Trento,POINT (11.12148502 46.05356889),0222052128,117,6
"Scuola Primaria ""G. B. De Gaspari"" Trento",46.05523132,11.11927622,Scuola Primaria,Statale,Trento,POINT (11.11927622 46.05523132),0222052147,208,11
Scuola Primaria Ravina,46.03807909,11.10823672,Scuola Primaria,Statale,Trento,POINT (11.10823672 46.03807909),0222052131,133,8
"Scuola Primaria ""A. Nicolodi"" Trento",46.05572636,11.12950969,Scuola Primaria,Statale,Trento,POINT (11.12950969 46.05572636),0222052133,225,12
Associazione R. Steiner - Secondaria I Grado,46.04084742,11.13869234,Scuola Secondaria di Primo Grado,Paritaria,Trento,POINT (11.13869234 46.04084742),0222053018,65,3
Associazione R. Steiner - Primaria,46.04084742,11.13869234,Scuola Primaria,Paritaria,Trento,POINT (11.13869234 46.04084742),0222052148,117,5
"Scuola Secondaria Di Primo Grado ""G. Prati"" Lavarone",45.94148874,11.25188705,Scuola Secondaria di Primo Grado,Statale,Lavarone,POINT (11.25188705 45.94148874),0221023001,50,3
"Scuola Primaria ""S. Lauton"" Folgaria",45.91472875,11.17277047,Scuola Primaria,Statale,Folgaria,POINT (11.17277047 45.91472875),0220872101,86,5
Scuola Primaria Lavarone,45.93735087,11.27384422,Scuola Primaria,Statale,Lavarone,POINT (11.27384422 45.93735087),0221022101,75,5
Scuola Secondaria Di Primo Grado Maria Ausiliatrice Trento,46.1557045,11.80940776740633,Scuola Secondaria di Primo Grado,Paritaria,Trento,POINT (11.80940776740633 46.1557045),0222053012,227,9
Istituto Tecnico Per Il Settore Tecnologico Serale,46.06553655,11.12940325,Scuola Secondaria di Secondo Grado,Statale,Trento,POINT (11.12940325 46.06553655),0222055207,196,23
Istituto Tecnico Per Il Settore Tecnologico,46.06553655,11.12940325,Scuola Secondaria di Secondo Grado,Statale,Trento,POINT (11.12940325 46.06553655),0222055205,1670,85
Scuola Primaria Sarnonico,46.42010016,11.13854184,Scuola Primaria,Statale,Sarnonico,POINT (11.13854184 46.42010016),0221702101,58,5
"Scuola Primaria ""Madre Teresa Di Calcutta"" Romeno",46.39316973,11.11721609,Scuola Primaria,Statale,Romeno,POINT (11.11721609 46.39316973),0221552101,68,5
"Scuola Primaria ""Padre A. Stefenelli"" Fondo",46.44082837,11.13682235,Scuola Primaria,Statale,Borgo D'Anaunia,POINT (11.13682235 46.44082837),0220882101,100,6
Scuola Primaria Cavareno,46.40785101,11.13815204,Scuola Primaria,Statale,Cavareno,POINT (11.13815204 46.40785101),0220512101,89,5
Scuola Primaria Castelfondo,46.45631234,11.11844222,Scuola Primaria,Statale,Borgo D'Anaunia,POINT (11.11844222 46.45631234),0220462101,31,5
"Scuola Secondaria Di Primo Grado ""C.A. Martini"" Revo'",46.39346956,11.05241381,Scuola Secondaria di Primo Grado,Statale,Novella,POINT (11.05241381 46.39346956),0221523001,118,6
Scuola Primaria Sanzeno,46.37438665,11.07230064,Scuola Primaria,Statale,Sanzeno,POINT (11.07230064 46.37438665),0221692101,46,5
"Scuola Primaria ""C.A. Martini"" Revo'",46.39399876,11.05163761,Scuola Primaria,Statale,Novella,POINT (11.05163761 46.39399876),0221522101,82,5
"Scuola Primaria ""Stefano Zuech"" Brez",46.43260803,11.10679568,Scuola Primaria,Statale,Novella,POINT (11.10679568 46.43260803),0220272101,68,5
"Scuola Secondaria Di Primo Grado ""A. Stainer"" Lavis",46.13743885,11.11353904,Scuola Secondaria di Primo Grado,Statale,Lavis,POINT (11.11353904 46.13743885),0221033001,351,17
"Scuola Primaria ""Don G. Grazioli"" Lavis",46.13858024,11.11111271,Scuola Primaria,Statale,Lavis,POINT (11.11111271 46.13858024),0221032101,367,17
"Scuola Primaria ""A. Frank"" Zambana",46.15094217,11.09669869,Scuola Primaria,Statale,Terre D'Adige,POINT (11.09669869 46.15094217),0222252101,108,6
Scuola Primaria Pressano Lavis,46.15183557,11.1064191,Scuola Primaria,Statale,Lavis,POINT (11.1064191 46.15183557),0221032103,92,5
"Scuola Secondaria Di Primo Grado ""G. B. De Gasparis"" Levico Terme",46.01362,11.30741908,Scuola Secondaria di Primo Grado,Statale,Levico Terme,POINT (11.30741908 46.01362),0221043001,487,24
"Scuola Primaria ""Padre B. Martinelli"" Calceranica Al Lago",46.00388947,11.24272085,Scuola Primaria,Statale,Calceranica Al Lago,POINT (11.24272085 46.00388947),0220322101,82,5
"Scuola Primaria ""G. Rosanelli"" Tenna",46.01308855,11.26670429,Scuola Primaria,Statale,Tenna,POINT (11.26670429 46.01308855),0221902101,55,5
Scuola Primaria Levico Terme,46.01362,11.30741908,Scuola Primaria,Statale,Levico Terme,POINT (11.30741908 46.01362),0221042101,371,18
"Scuola Primaria ""C. Chiesa"" Caldonazzo",45.99332233,11.26390271,Scuola Primaria,Statale,Caldonazzo,POINT (11.26390271 45.99332233),0220342101,190,11
"Scuola Secondaria Di Primo Grado ""G. Ciccolini"" Male'",46.35352639,10.91174838,Scuola Secondaria di Primo Grado,Statale,Malé,POINT (10.91174838 46.35352639),0221103001,254,12
Scuola Primaria S.Bernardo Rabbi,46.40151928,10.84656794,Scuola Primaria,Statale,Rabbi,POINT (10.84656794 46.40151928),0221502101,51,5
"Scuola Primaria ""C. Cristoforetti"" Male'",46.35137194,10.91500308,Scuola Primaria,Statale,Malé,POINT (10.91500308 46.35137194),0221102101,116,7
Scuola Primaria Dimaro,46.3263902,10.87589118,Scuola Primaria,Statale,Dimaro Folgarida,POINT (10.87589118 46.3263902),0220752101,63,5
Educazione Per Adulti Relativa Al Primo Ciclo,46.06102126,11.12576417,Educazione per adulti,Statale,Trento,POINT (11.12576417 46.06102126),0222059901,1469,19
Liceo Delle Scienze Umane Opzione Economico Sociale Serale,46.06102126,11.12576417,Scuola Secondaria di Secondo Grado,Statale,Trento,POINT (11.12576417 46.06102126),0222056235,429,14
Istituto Tecnico Per Il Settore Economico,45.89360978,11.04213838,Scuola Secondaria di Secondo Grado,Statale,Rovereto,POINT (11.04213838 45.89360978),0221615404,318,19
Istituto Tecnico Per Il Settore Tecnologico,45.89360978,11.04213838,Scuola Secondaria di Secondo Grado,Statale,Rovereto,POINT (11.04213838 45.89360978),0221615506,94,6
Istituto Tecnico Per Il Settore Tecnologico Serale,45.89360978,11.04213838,Scuola Secondaria di Secondo Grado,Statale,Rovereto,POINT (11.04213838 45.89360978),0221615507,18,7
Istituto Tecnico Per Il Settore Economico Serale,45.89360978,11.04213838,Scuola Secondaria di Secondo Grado,Statale,Rovereto,POINT (11.04213838 45.89360978),0221615508,78,6
Liceo Delle Scienze Umane Opzione Economico Sociale,45.89142917,11.03824391,Scuola Secondaria di Secondo Grado,Statale,Rovereto,POINT (11.03824391 45.89142917),0221617113,278,15
Liceo Delle Scienze Umane,45.89142917,11.03824391,Scuola Secondaria di Secondo Grado,Statale,Rovereto,POINT (11.03824391 45.89142917),0221617112,429,21
Scuola Primaria Pieve Di Bono - Creto,45.94094362,10.63901448,Scuola Primaria,Statale,Pieve Di Bono-Prezzo,POINT (10.63901448 45.94094362),0221402102,116,7
"Scuola Secondaria Di Primo Grado ""O. Brentari"" Strigno",46.0634518,11.52303172,Scuola Secondaria di Primo Grado,Statale,Castel Ivano,POINT (11.52303172 46.0634518),0221853001,205,10
Scuola Secondaria Di Primo Grado Castello Tesino,46.0647591,11.6312212,Scuola Secondaria di Primo Grado,Statale,Castello Tesino,POINT (11.6312212 46.0647591),0220483001,37,3
"Scuola Primaria ""A. Degasperi"" Pieve Tesino",46.06856613,11.61000484,Scuola Primaria,Statale,Pieve Tesino,POINT (11.61000484 46.06856613),0221422101,69,5
Scuola Primaria Villa Agnedo,46.05463238,11.52672316,Scuola Primaria,Statale,Castel Ivano,POINT (11.52672316 46.05463238),0222212101,61,5
Scuola Primaria Strigno,46.06574184,11.52132484,Scuola Primaria,Statale,Castel Ivano,POINT (11.52132484 46.06574184),0221852101,60,5
Scuola Primaria Scurelle,46.06514876,11.50984518,Scuola Primaria,Statale,Scurelle,POINT (11.50984518 46.06514876),0221712101,77,5
Scuola Primaria Samone,46.08167842,11.52056811,Scuola Primaria,Statale,Samone,POINT (11.52056811 46.08167842),0221652101,39,5
Scuola Primaria Ospedaletto,46.04490239,11.55019027,Scuola Primaria,Statale,Ospedaletto,POINT (11.55019027 46.04490239),0221302101,35,5
"Scuola Secondaria Di Primo Grado ""F. Barbacovi"" Taio",46.32147997912088,11.06978003451124,Scuola Secondaria di Primo Grado,Statale,Predaia,POINT (11.06978003451124 46.32147997912088),0221863001,153,8
"Scuola Secondaria Di Primo Grado ""F. Barbacovi"" Coredo",46.35168603,11.09293567,Scuola Secondaria di Primo Grado,Statale,Predaia,POINT (11.09293567 46.35168603),0220673001,84,6
"Scuola Primaria ""Mons. A. Negri"" Tres",46.3207661,11.09288188,Scuola Primaria,Statale,Predaia,POINT (11.09288188 46.3207661),0222062101,63,5
Scuola Primaria Taio,46.32560884,11.06466126,Scuola Primaria,Statale,Predaia,POINT (11.06466126 46.32560884),0221862101,162,10
Scuola Primaria Coredo,46.35168603,11.09293567,Scuola Primaria,Statale,Predaia,POINT (11.09293567 46.35168603),0220672101,144,9
"Scuola Primaria ""O. Lucchi"" Tenno",45.91958621,10.83133427,Scuola Primaria,Statale,Tenno,POINT (10.83133427 45.91958621),0221912101,118,7
"Scuola Primaria ""G. Fedrigoni"" Varone Riva Del Garda",45.90768342,10.84253123,Scuola Primaria,Statale,Riva Del Garda,POINT (10.84253123 45.90768342),0221532105,240,11
Istituto Tecnico Per Il Settore Economico,45.89390691,10.84181113,Scuola Secondaria di Secondo Grado,Statale,Riva Del Garda,POINT (10.84181113 45.89390691),0221535402,351,18
Istituto Tecnico Per Il Settore Tecnologico,45.89390691,10.84181113,Scuola Secondaria di Secondo Grado,Statale,Riva Del Garda,POINT (10.84181113 45.89390691),0221535201,292,21
Istituto Tecnico Per Il Settore Economico Serale,45.89390691,10.84181113,Scuola Secondaria di Secondo Grado,Statale,Riva Del Garda,POINT (10.84181113 45.89390691),0221535408,175,17
Istituto Tecnico Per Il Settore Tecnologico Serale,45.89390691,10.84181113,Scuola Secondaria di Secondo Grado,Statale,Riva Del Garda,POINT (10.84181113 45.89390691),0221535409,22,8
Educazione Per Adulti Relativa Al Primo Ciclo,45.89390691,10.84181113,Educazione per adulti,Statale,Riva Del Garda,POINT (10.84181113 45.89390691),0221539901,22,2
Liceo Scientifico,45.89599371,11.04248084,Scuola Secondaria di Secondo Grado,Statale,Rovereto,POINT (11.04248084 45.89599371),0221617109,427,21
Settore Agricoltura E Ambiente,46.1942652,11.13610088,,Paritaria,San Michele All'Adige,POINT (11.13610088 46.1942652),0221679698,335,26
Istituto Tecnico Per Il Settore Tecnologico,46.1942652,11.13610088,Scuola Secondaria di Secondo Grado,Paritaria,San Michele All'Adige,POINT (11.13610088 46.1942652),0221675102,503,26
"Scuola Secondaria Di Primo Grado ""G. Leopardi"" Storo",45.84902828,10.57533764,Scuola Secondaria di Primo Grado,Statale,Storo,POINT (10.57533764 45.84902828),0221833001,203,10
"Scuola Primaria ""Padre C. Gnesotti"" Storo",45.85093889,10.57633227,Scuola Primaria,Statale,Storo,POINT (10.57633227 45.85093889),0221832101,167,9
Scuola Primaria Storo - Lodrone,45.82956098,10.53535596,Scuola Primaria,Statale,Storo,POINT (10.53535596 45.82956098),0221832103,88,5
Liceo Classico,45.88747411,10.84478082,Scuola Secondaria di Secondo Grado,Statale,Riva Del Garda,POINT (10.84478082 45.88747411),0221537204,81,5
"Scuola Primaria ""G. Papaleoni"" Condino",45.88969337,10.5994471,Scuola Primaria,Statale,Borgo Chiese,POINT (10.5994471 45.88969337),0220662101,90,6
"Scuola Secondaria Di Primo Grado ""G. Pascoli"" Pieve Di Bono",45.94094362,10.63901448,Scuola Secondaria di Primo Grado,Statale,Pieve Di Bono-Prezzo,POINT (10.63901448 45.94094362),0221403002,144,8
"Scuola Secondaria Di Primo Grado ""L. Negrelli""  - Fiera Di Primiero",46.17905181,11.83022783,Scuola Secondaria di Primo Grado,Statale,Primiero San Martino Di Castrozza,POINT (11.83022783 46.17905181),0222043001,142,7
Liceo Musicale E Coreutico,45.88747411,10.84478082,Scuola Secondaria di Secondo Grado,Statale,Riva Del Garda,POINT (10.84478082 45.88747411),0221537110,37,5
Liceo Scientifico,46.42247195,11.68196516,Scuola Secondaria di Secondo Grado,Statale,San Giovanni Di Fassa,POINT (11.68196516 46.42247195),0221457101,111,7
Liceo Ladino Delle Lingue,46.42247195,11.68196516,Scuola Secondaria di Secondo Grado,Statale,San Giovanni Di Fassa,POINT (11.68196516 46.42247195),0221457102,158,10
Liceo Artistico,46.42375605,11.6822131,Scuola Secondaria di Secondo Grado,Statale,San Giovanni Di Fassa,POINT (11.6822131 46.42375605),0221457103,167,9
"Scuola Primaria ""Don G. B. Massar"" Vigo Di Fassa",46.41981798,11.67083969,Scuola Primaria,Statale,San Giovanni Di Fassa,POINT (11.67083969 46.41981798),0222172101,47,5
"Scuola Primaria ""G. Rizzi"" Canazei",46.47800977,11.76761724,Scuola Primaria,Statale,Canazei,POINT (11.76761724 46.47800977),0220392101,133,10
"Scuola Primaria ""Padre E. Chiocchetti"" Moena",46.37646158,11.65769393,Scuola Primaria,Statale,Moena,POINT (11.65769393 46.37646158),0221182101,139,9
"Scuola Secondaria Di Primo Grado ""T. Soraruf"" Campitello Di Fassa",46.47748161,11.73907031,Scuola Secondaria di Primo Grado,Statale,Campitello Di Fassa,POINT (11.73907031 46.47748161),0220363001,92,6
Scuola Secondaria Di Primo Grado Pozza Di Fassa,46.42409093,11.68326028,Scuola Secondaria di Primo Grado,Statale,San Giovanni Di Fassa,POINT (11.68326028 46.42409093),0221453001,154,8
"Scuola Secondaria Di Primo Grado ""Don G. Jori"" Moena",46.37634589,11.65683092,Scuola Secondaria di Primo Grado,Statale,Moena,POINT (11.65683092 46.37634589),0221183001,88,6
"Scuola Secondaria Di Primo Grado ""D. Chiesa"" Riva Del Garda",45.88801835,10.84664719,Scuola Secondaria di Primo Grado,Statale,Riva Del Garda,POINT (10.84664719 45.88801835),0221533001,426,18
Scuola Primaria S. Alessandro Riva Del Garda,45.88958195,10.86184256,Scuola Primaria,Statale,Riva Del Garda,POINT (10.86184256 45.88958195),0221532104,139,7
"Scuola Secondaria Di Primo Grado ""S. Bellesini"" Vezzano",46.0793431,11.0022166,Scuola Secondaria di Primo Grado,Statale,Vallelaghi,POINT (11.0022166 46.0793431),0222153001,177,9
Scuola Primaria Vezzano,46.0793431,11.0022166,Scuola Primaria,Statale,Vallelaghi,POINT (11.0022166 46.0793431),0222152101,95,5
Scuola Primaria Terlago,46.0528886,11.4556379,Scuola Primaria,Statale,Vallelaghi,POINT (11.4556379 46.0528886),0221922101,122,7
Scuola Primaria Sarche Calavino,46.04733963,10.95164659,Scuola Primaria,Statale,Madruzzo,POINT (10.95164659 46.04733963),0220312102,80,5
"Scuola Secondaria Di Primo Grado ""C. Madruzzo"" Cavedine",45.96613576,10.97112724,Scuola Secondaria di Primo Grado,Statale,Cavedine,POINT (10.97112724 45.96613576),0220533001,126,7
Scuola Primaria Cavedine,45.97847368,10.97643218,Scuola Primaria,Statale,Cavedine,POINT (10.97643218 45.97847368),0220532101,106,5
Scuola Primaria Calavino,46.0469682,10.98458236,Scuola Primaria,Statale,Madruzzo,POINT (10.98458236 46.0469682),0220312101,86,5
"Scuola Secondaria Di Primo Grado ""G. Alberti"" Tesero",46.29027715,11.51401625,Scuola Secondaria di Primo Grado,Statale,Tesero,POINT (11.51401625 46.29027715),0221963001,125,6
"Scuola Secondaria Di Primo Grado ""Marzari Pencati"" Predazzo",46.31183061,11.59889415,Scuola Secondaria di Primo Grado,Statale,Predazzo,POINT (11.59889415 46.31183061),0221473001,163,9
"Scuola Primaria ""G. Manega"" Tesero",46.29022665,11.51280684,Scuola Primaria,Statale,Tesero,POINT (11.51280684 46.29022665),0221962101,172,10
"Scuola Primaria ""M. Morandini Degasperi"" Predazzo",46.31315473,11.59937389,Scuola Primaria,Statale,Predazzo,POINT (11.59937389 46.31315473),0221472101,164,10
"Scuola Primaria ""I. Masia"" Ziano Di Fiemme",46.28638789,11.56250111,Scuola Primaria,Statale,Ziano Di Fiemme,POINT (11.56250111 46.28638789),0222262101,88,5
"Scuola Secondaria Di Primo Grado ""Alta Vallagarina"" Volano",45.89204617,11.03861331,Scuola Secondaria di Primo Grado,Statale,Rovereto,POINT (11.03861331 45.89204617),0222243001,221,11
"Scuola Primaria ""S. Pellico"" Besenello",45.94200887,11.10997247,Scuola Primaria,Statale,Besenello,POINT (11.10997247 45.94200887),0220132101,139,8
"Scuola Primaria ""G. Tovazzi"" Volano",45.91918788,11.0636503,Scuola Primaria,Statale,Volano,POINT (11.0636503 45.91918788),0222242101,137,10
"Scuola Primaria ""A.De Valentini"" Calliano",45.93574493,11.09397761,Scuola Primaria,Statale,Calliano,POINT (11.09397761 45.93574493),0220352101,102,7
"Scuola Primaria ""D. Chiesa"" Noriglio",45.88372733,11.0705159,Scuola Primaria,Statale,Rovereto,POINT (11.0705159 45.88372733),0221612108,100,5
"Scuola Secondaria Di Primo Grado ""L. Negrelli"" Rovereto",45.89580997,11.04425531,Scuola Secondaria di Primo Grado,Statale,Rovereto,POINT (11.04425531 45.89580997),0221613004,339,16
"Scuola Primaria ""M. K. Gandhi"" Rovereto",45.90537614,11.04460322,Scuola Primaria,Statale,Rovereto,POINT (11.04460322 45.90537614),0221612112,340,16
Settore Servizi Serale,46.06525999310671,11.119610029794103,Formazione professionale,Paritaria,Trento,POINT (11.119610029794103 46.06525999310671),0222059694,155,9
Settore Servizi,46.06525999310671,11.119610029794103,Formazione professionale,Paritaria,Trento,POINT (11.119610029794103 46.06525999310671),0222059699,367,18
Settore Industria E Artigianato,46.06774746,11.12659633,Formazione professionale,Paritaria,Trento,POINT (11.12659633 46.06774746),0222059698,225,10
Liceo Scientifico Opzione Scienze Applicate,45.89188064,11.03490562,Scuola Secondaria di Secondo Grado,Paritaria,Rovereto,POINT (11.03490562 45.89188064),0221619690,107,5
Settore Industria E Artigianato Serale,45.89188064,11.03490562,Formazione professionale,Paritaria,Rovereto,POINT (11.03490562 45.89188064),0221619695,44,8
Settore Industria E Artigianato,45.89188064,11.03490562,Formazione professionale,Paritaria,Rovereto,POINT (11.03490562 45.89188064),0221619699,546,27
Settore Industria E Artigianato,45.91926761,10.89321493,Formazione professionale,Paritaria,Arco,POINT (10.89321493 45.91926761),0220069699,195,9
Settore Industria E Artigianato,46.0492931,11.45845723,Formazione professionale,Paritaria,Borgo Valsugana,POINT (11.45845723 46.0492931),0220229699,209,13
Settore Industria E Artigianato,46.3692654,11.03144462,Formazione professionale,Paritaria,Cles,POINT (11.03144462 46.3692654),0220629699,171,8
Settore Servizi,46.31025795,10.74504644,Formazione professionale,Paritaria,Ossana,POINT (10.74504644 46.31025795),0221319699,109,8
Settore Industria E Artigianato,46.1760752,11.83382372,Formazione professionale,Paritaria,Primiero San Martino Di Castrozza,POINT (11.83382372 46.1760752),0222049699,27,3
Settore Servizi,46.1760752,11.83382372,Formazione professionale,Paritaria,Primiero San Martino Di Castrozza,POINT (11.83382372 46.1760752),0222049698,50,7
Settore Industria E Artigianato,46.28711824,11.51197513,Formazione professionale,Paritaria,Tesero,POINT (11.51197513 46.28711824),0221969698,107,5
Settore Servizi,46.28711824,11.51197513,Formazione professionale,Paritaria,Tesero,POINT (11.51197513 46.28711824),0221969699,141,8
Settore Industria E Artigianato,46.03645513,10.7313078,Formazione professionale,Paritaria,Tione Di Trento,POINT (10.7313078 46.03645513),0221999698,202,10
Settore Servizi,46.03645513,10.7313078,Formazione professionale,Paritaria,Tione Di Trento,POINT (10.7313078 46.03645513),0221999699,183,11
Settore Servizi,45.90234856,10.84521314,Formazione professionale,Paritaria,Riva Del Garda,POINT (10.84521314 45.90234856),0221539699,339,19
Settore Industria E Artigianato Serale,46.04549808,11.13754528,Formazione professionale,Paritaria,Trento,POINT (11.13754528 46.04549808),0222059692,94,12
Settore Industria E Artigianato,46.04549808,11.13754528,Formazione professionale,Paritaria,Trento,POINT (11.13754528 46.04549808),0222059697,554,29
Settore Industria E Artigianato,46.06438999346662,11.124070040473754,Formazione professionale,Paritaria,Trento,POINT (11.124070040473754 46.06438999346662),0222059696,304,7
Settore Servizi,46.01319601,11.30251538,Formazione professionale,Paritaria,Levico Terme,POINT (11.30251538 46.01319601),0221049699,206,11
Settore Servizi,45.88718998054378,11.042189994380891,Formazione professionale,Paritaria,Rovereto,POINT (11.042189994380891 45.88718998054378),0221619698,433,24
Settore Servizi,46.35728741,11.02886486,Formazione professionale,Paritaria,Cles,POINT (11.02886486 46.35728741),0220629698,169,9
Settore Servizi,46.03330207,10.72692681,Formazione professionale,Paritaria,Tione Di Trento,POINT (10.72692681 46.03330207),0221999697,91,6
Settore Servizi,45.91954273839659,10.894097724699696,Formazione professionale,Paritaria,Arco,POINT (10.894097724699696 45.91954273839659),0221539698,195,9
Settore Servizi,46.01349606,11.30486909,Formazione professionale,Statale,Levico Terme,POINT (11.30486909 46.01349606),0221049698,320,18
Settore Servizi Serale,45.89060788,11.04772208,Formazione professionale,Statale,Rovereto,POINT (11.04772208 45.89060788),0221619685,102,9
Settore Servizi,45.89060788,11.04772208,Formazione professionale,Statale,Rovereto,POINT (11.04772208 45.89060788),0221619696,307,16
Settore Servizi Serale,46.05267139,11.13116373,Formazione professionale,Statale,Trento,POINT (11.13116373 46.05267139),0222059670,148,18
Settore Industria E Artigianato,46.04549808,11.13754528,Formazione professionale,Statale,Trento,POINT (11.13754528 46.04549808),0222059693,142,9
Settore Servizi,46.05267139,11.13116373,Formazione professionale,Statale,Trento,POINT (11.13116373 46.05267139),0222059695,273,16
Scuola Primaria Varena,46.3035153,11.45583411,Scuola Primaria,Statale,Ville Di Fiemme,POINT (11.45583411 46.3035153),0222112101,72,5
Scuola Primaria Molina Di Fiemme,46.27445608,11.4164579,Scuola Primaria,Statale,Castello-Molina Di Fiemme,POINT (11.4164579 46.27445608),0220472102,54,5
Scuola Primaria Masi Cavalese,46.2835054,11.48534721,Scuola Primaria,Statale,Cavalese,POINT (11.48534721 46.2835054),0220502102,33,5
Scuola Primaria Cavalese,46.28924545,11.46322473,Scuola Primaria,Statale,Cavalese,POINT (11.46322473 46.28924545),0220502101,150,10
Scuola Primaria Castello Di Fiemme,46.28171414,11.43525497,Scuola Primaria,Statale,Castello-Molina Di Fiemme,POINT (11.43525497 46.28171414),0220472101,75,5
Scuola Primaria Casatta Valfloriana,46.24942264,11.34250453,Scuola Primaria,Statale,Valfloriana,POINT (11.34250453 46.24942264),0222092101,17,6
Scuola Primaria Carano,46.29237416,11.4403675,Scuola Primaria,Statale,Ville Di Fiemme,POINT (11.4403675 46.29237416),0220412101,49,5
Scuola Primaria Capriana,46.26281982,11.33849356,Scuola Primaria,Statale,Capriana,POINT (11.33849356 46.26281982),0220402101,19,5
Liceo Linguistico,46.28974311,11.46737565,Scuola Secondaria di Secondo Grado,Statale,Cavalese,POINT (11.46737565 46.28974311),0220507103,82,5
Liceo Delle Scienze Umane Opzione Economico Sociale,46.28974311,11.46737565,Scuola Secondaria di Secondo Grado,Statale,Cavalese,POINT (11.46737565 46.28974311),0220507104,56,4
Istituto Tecnico Per Il Settore Economico - Predazzo,46.31109637,11.59847592,Scuola Secondaria di Secondo Grado,Statale,Predazzo,POINT (11.59847592 46.31109637),0221475403,217,12
Istituto Tecnico Per Il Settore Tecnologico,46.28974311,11.46737565,Scuola Secondaria di Secondo Grado,Statale,Cavalese,POINT (11.46737565 46.28974311),0220505404,93,5
Istituto Tecnico Per Il Settore Economico Serale - Predazzo,46.31109637,11.59847592,Scuola Secondaria di Secondo Grado,Statale,Predazzo,POINT (11.59847592 46.31109637),0221475404,48,7
Istituto Tecnico Per Il Settore Tecnologico Serale - Predazzo,46.31109637,11.59847592,Scuola Secondaria di Secondo Grado,Statale,Predazzo,POINT (11.59847592 46.31109637),0221475405,37,7
Educazione Per Adulti Relativa Al Primo Ciclo,46.28974311,11.46737565,Educazione per adulti,Statale,Cavalese,POINT (11.46737565 46.28974311),0220509902,6,2
Liceo Scientifico,46.28974311,11.46737565,Scuola Secondaria di Secondo Grado,Statale,Cavalese,POINT (11.46737565 46.28974311),0220507102,111,5
"Scuola Secondaria Di Primo Grado ""A. Vielmetti"" Cembra",46.17279132,11.2234707,Scuola Secondaria di Primo Grado,Statale,Cembra Lisignago,POINT (11.2234707 46.17279132),0220553001,118,6
Scuola Secondaria Di Primo Grado Verla Giovo,46.15731277,11.15499731,Scuola Secondaria di Primo Grado,Statale,Giovo,POINT (11.15499731 46.15731277),0220923001,79,5
Scuola Secondaria Di Primo Grado Stedro Segonzano,46.19119747,11.25965589,Scuola Secondaria di Primo Grado,Statale,Segonzano,POINT (11.25965589 46.19119747),0221723001,58,4
Scuola Primaria Verla Giovo,46.15747034,11.15500347,Scuola Primaria,Statale,Giovo,POINT (11.15500347 46.15747034),0220922101,117,7
Scuola Primaria Stedro Segonzano,46.19119747,11.25965589,Scuola Primaria,Statale,Segonzano,POINT (11.25965589 46.19119747),0221722101,58,5
"Scuola Primaria ""P. Sartori"" Sover",46.22120788,11.31536775,Scuola Primaria,Statale,Sover,POINT (11.31536775 46.22120788),0221772101,24,6
"Scuola Primaria ""Don L. Milani"" Lases",46.14445669,11.22081052,Scuola Primaria,Statale,Lona-Lases,POINT (11.22081052 46.14445669),0221082101,32,5
"Scuola Primaria ""P. Marconi"" Faver",46.18085198,11.23631891,Scuola Primaria,Statale,Altavalle,POINT (11.23631891 46.18085198),0220822101,59,5
Scuola Primaria Cembra,46.17513157,11.22294326,Scuola Primaria,Statale,Cembra Lisignago,POINT (11.22294326 46.17513157),0220552101,128,7
"Scuola Secondaria Di Primo Grado ""G. Alessandrini"" Civezzano",46.09276784,11.17936618,Scuola Secondaria di Primo Grado,Statale,Civezzano,POINT (11.17936618 46.09276784),0220613001,147,8
Scuola Secondaria Di Primo Grado Albiano,46.14222708,11.19464941,Scuola Secondaria di Primo Grado,Statale,Albiano,POINT (11.19464941 46.14222708),0220023001,41,3
"Scuola Primaria ""G. B. Borsieri"" Civezzano",46.0899965,11.18026747,Scuola Primaria,Statale,Civezzano,POINT (11.18026747 46.0899965),0220612101,111,6
Scuola Primaria Seregnano Civezzano,46.09364251,11.1969904,Scuola Primaria,Statale,Civezzano,POINT (11.1969904 46.09364251),0220612102,73,5
"Scuola Primaria ""A. Girardi"" Fornace",46.1174275,11.20531857,Scuola Primaria,Statale,Fornace,POINT (11.20531857 46.1174275),0220892101,73,5
Scuola Primaria Albiano,46.14222708,11.19464941,Scuola Primaria,Statale,Albiano,POINT (11.19464941 46.14222708),0220022101,104,6
Settore Servizi,46.09276784,11.17936618,,Paritaria,Civezzano,POINT (11.17936618 46.09276784),0220614704,89,4
Istituto Tecnico Per Il Settore Tecnologico,46.09276784,11.17936618,Scuola Secondaria di Secondo Grado,Paritaria,Civezzano,POINT (11.17936618 46.09276784),0220615402,115,5
Istituto Professionale Per Il Settore Dei Servizi,46.09276784,11.17936618,Scuola Secondaria di Secondo Grado,Paritaria,Civezzano,POINT (11.17936618 46.09276784),0220614705,95,5
Istituto Tecnico Per Il Settore Economico,46.09276784,11.17936618,Scuola Secondaria di Secondo Grado,Paritaria,Civezzano,POINT (11.17936618 46.09276784),0220615401,134,6
"Scuola Secondaria Di Primo Grado ""V. Inama"" Cles",46.36513918,11.02991539,Scuola Secondaria di Primo Grado,Statale,Cles,POINT (11.02991539 46.36513918),0220623001,255,12
"Scuola Primaria Varollo Livo ""Chiara Lubich""",46.39986204,11.02184554,Scuola Primaria,Statale,Livo,POINT (11.02184554 46.39986204),0221062101,60,5
"Scuola Primaria ""O.Focherini M.Marchesi"" Mione Rumo",46.43714626,11.02938404,Scuola Primaria,Statale,Rumo,POINT (11.02938404 46.43714626),0221632101,32,5
Scuola Primaria Cles,46.36513918,11.02991539,Scuola Primaria,Statale,Cles,POINT (11.02991539 46.36513918),0220622101,349,17
Istituto Tecnico Per Il Settore Economico,46.36885913,11.03294768,Scuola Secondaria di Secondo Grado,Statale,Cles,POINT (11.03294768 46.36885913),0220625208,254,14
Istituto Tecnico Per Il Settore Tecnologico,46.36885913,11.03294768,Scuola Secondaria di Secondo Grado,Statale,Cles,POINT (11.03294768 46.36885913),0220625209,465,28
Istituto Tecnico Per Il Settore Tecnologico Serale,46.36885913,11.03294768,Scuola Secondaria di Secondo Grado,Statale,Cles,POINT (11.03294768 46.36885913),0220625508,29,6
Istituto Tecnico Per Il Settore Economico Serale,46.36885913,11.03294768,Scuola Secondaria di Secondo Grado,Statale,Cles,POINT (11.03294768 46.36885913),0220625509,86,7
Educazione Per Adulti Relativa Al Primo Ciclo,46.36885913,11.03294768,Educazione per adulti,Statale,Cles,POINT (11.03294768 46.36885913),0220629903,190,21
Liceo Scientifico,46.36885913,11.03294768,Scuola Secondaria di Secondo Grado,Statale,Cles,POINT (11.03294768 46.36885913),0220627103,238,14
Liceo Delle Scienze Umane Opzione Economico Sociale,46.36885913,11.03294768,Scuola Secondaria di Secondo Grado,Statale,Cles,POINT (11.03294768 46.36885913),0220627108,86,5
Liceo Delle Scienze Umane,46.36885913,11.03294768,Scuola Secondaria di Secondo Grado,Statale,Cles,POINT (11.03294768 46.36885913),0220627107,158,9
Liceo Linguistico,46.36885913,11.03294768,Scuola Secondaria di Secondo Grado,Statale,Cles,POINT (11.03294768 46.36885913),0220627106,170,10
Liceo Scientifico Opzione Scienze Applicate,46.36885913,11.03294768,Scuola Secondaria di Secondo Grado,Statale,Cles,POINT (11.03294768 46.36885913),0220627105,181,10
Liceo Classico,46.36885913,11.03294768,Scuola Secondaria di Secondo Grado,Statale,Cles,POINT (11.03294768 46.36885913),0220627104,71,5
"Scuola Secondaria Di Primo Grado ""V. Vielmetti"" Denno",46.27033819,11.04903329,Scuola Secondaria di Primo Grado,Statale,Denno,POINT (11.04903329 46.27033819),0220743001,168,8
Scuola Primaria Vigo Ton,46.26542332,11.08573142,Scuola Primaria,Statale,Ton,POINT (11.08573142 46.26542332),0222002101,54,5
Scuola Primaria Flavon,46.2991618,11.0313185,Scuola Primaria,Statale,Contà,POINT (11.0313185 46.2991618),0220862101,52,5
"Scuola Primaria ""Mons. S. Weber"" Denno",46.27522326,11.04781378,Scuola Primaria,Statale,Denno,POINT (11.04781378 46.27522326),0220742101,90,5
"Scuola Primaria ""M. Pezzi"" Campodenno",46.25748471,11.03657606,Scuola Primaria,Statale,Campodenno,POINT (11.03657606 46.25748471),0220372101,67,5
"Scuola Secondaria Di Primo Grado ""E. Leonardi"" Tuenno",46.32730627,11.0226118,Scuola Secondaria di Primo Grado,Statale,Ville D'Anaunia,POINT (11.0226118 46.32730627),0222073001,119,7
"Scuola Primaria ""V. Maistrelli"" Tuenno",46.32730627,11.0226118,Scuola Primaria,Statale,Ville D'Anaunia,POINT (11.0226118 46.32730627),0222072101,122,8
Scuola Primaria Tassullo,46.3358041,11.0498028,Scuola Primaria,Statale,Ville D'Anaunia,POINT (11.0498028 46.3358041),0221872101,68,5
Liceo Linguistico,45.88747411,10.84478082,Scuola Secondaria di Secondo Grado,Statale,Riva Del Garda,POINT (10.84478082 45.88747411),0221537109,136,7
Liceo Delle Scienze Umane,45.88747411,10.84478082,Scuola Secondaria di Secondo Grado,Statale,Riva Del Garda,POINT (10.84478082 45.88747411),0221537108,215,10
Liceo Scientifico Opzione Scienze Applicate,45.88747411,10.84478082,Scuola Secondaria di Secondo Grado,Statale,Riva Del Garda,POINT (10.84478082 45.88747411),0221537107,177,9
Liceo Scientifico,45.88747411,10.84478082,Scuola Secondaria di Secondo Grado,Statale,Riva Del Garda,POINT (10.84478082 45.88747411),0221537106,302,15
"Scuola Primaria ""La Vela"" Rovereto",45.88786075,11.035642444587998,Scuola Primaria,Paritaria,Rovereto,POINT (11.035642444587998 45.88786075),0221612113,113,5
"Scuola Secondaria Di Primo Grado ""La Vela"" Rovereto",45.88786075,11.035642444587998,Scuola Secondaria di Primo Grado,Paritaria,Rovereto,POINT (11.035642444587998 45.88786075),0221613050,76,3
"Scuola Secondaria Di Primo Grado ""A. Degasperi"" Rovereto",45.88513624,11.02375982,Scuola Secondaria di Primo Grado,Statale,Rovereto,POINT (11.02375982 45.88513624),0221613002,302,13
"Scuola Primaria ""F.Lli Filzi"" Rovereto",45.88846759,11.02521375,Scuola Primaria,Statale,Rovereto,POINT (11.02521375 45.88846759),0221612110,399,21
"Scuola Primaria ""R. Levi Montalcini"" Isera",45.88361061,11.00847269,Scuola Primaria,Statale,Isera,POINT (11.00847269 45.88361061),0220982101,151,9
"Scuola Secondaria Di Primo Grado ""D. Chiesa"" Rovereto",45.89043481,11.03661984,Scuola Secondaria di Primo Grado,Statale,Rovereto,POINT (11.03661984 45.89043481),0221613001,361,16
"Scuola Primaria ""Regina Elena"" Rovereto",45.88484561,11.04291837,Scuola Primaria,Statale,Rovereto,POINT (11.04291837 45.88484561),0221612102,394,20
"Scuola Primaria ""F. Cavallin"" Vallarsa Raossi",45.78259197,11.11918212,Scuola Primaria,Statale,Vallarsa,POINT (11.11918212 45.78259197),0222102101,42,6
Scuola Primaria Moscheri Trambileno,45.8681,11.07413096,Scuola Primaria,Statale,Trambileno,POINT (11.07413096 45.8681),0222032101,41,6
"Scuola Primaria ""N. Valduga"" Terragnolo",45.8788147,11.15053336,Scuola Primaria,Statale,Terragnolo,POINT (11.15053336 45.8788147),0221932101,14,4
"Scuola Secondaria Di Primo Grado ""F. Halbherr"" Rovereto",45.87026712,11.03059244,Scuola Secondaria di Primo Grado,Statale,Rovereto,POINT (11.03059244 45.87026712),0221613003,334,15
"Scuola Primaria ""D. Alighieri"" Rovereto",45.87915257,11.03528881,Scuola Primaria,Statale,Rovereto,POINT (11.03528881 45.87915257),0221612104,318,17
"Scuola Primaria ""A. Rosmini"" Marco",45.84165973,11.00769233,Scuola Primaria,Statale,Rovereto,POINT (11.00769233 45.84165973),0221612106,168,9
"Scuola Primaria ""F. Guella"" Lizzana",45.86777299,11.03377132,Scuola Primaria,Statale,Rovereto,POINT (11.03377132 45.86777299),0221612105,175,9
Scuola Secondaria Di Primo Grado Arcivescovile Dame Inglesi Rovereto,45.89238998754527,11.043899986447713,Scuola Secondaria di Primo Grado,Paritaria,Rovereto,POINT (11.043899986447713 45.89238998754527),0221613006,204,15
Scuola Primaria Arcivescovile Dame Inglesi Rovereto,45.89238998754527,11.043899986447713,Scuola Primaria,Paritaria,Rovereto,POINT (11.043899986447713 45.89238998754527),0221612103,158,8
Liceo Linguistico Arcivescovile Dame Inglesi - Rovereto,45.89686998906399,11.043330017031792,Scuola Secondaria di Secondo Grado,Paritaria,Rovereto,POINT (11.043330017031792 45.89686998906399),0221617115,92,5
Istituto Professionale Per Il Settore Dei Servizi Serale,45.89493504,11.03171512,Scuola Secondaria di Secondo Grado,Statale,Rovereto,POINT (11.03171512 45.89493504),0221614416,102,10
Istituto Tecnico Per Il Settore Economico Serale,45.89493504,11.03171512,Scuola Secondaria di Secondo Grado,Statale,Rovereto,POINT (11.03171512 45.89493504),0221614415,86,10
Istituto Professionale Per Il Settore Dei Servizi,45.89493504,11.03171512,Scuola Secondaria di Secondo Grado,Statale,Rovereto,POINT (11.03171512 45.89493504),0221614402,443,21
Istituto Tecnico Per Il Settore Economico,45.89493504,11.03171512,Scuola Secondaria di Secondo Grado,Statale,Rovereto,POINT (11.03171512 45.89493504),0221615401,328,19
Educazione Per Adulti Relativa Al Primo Ciclo,45.89493504,11.03171512,Educazione per adulti,Statale,Rovereto,POINT (11.03171512 45.89493504),0221619901,88,6
Istituto Tecnico Per Il Settore Tecnologico Serale,45.91240043,11.04277207,Scuola Secondaria di Secondo Grado,Statale,Rovereto,POINT (11.04277207 45.91240043),0221615205,118,21
Istituto Tecnico Per Il Settore Tecnologico,45.91240043,11.04277207,Scuola Secondaria di Secondo Grado,Statale,Rovereto,POINT (11.04277207 45.91240043),0221615204,972,48
Scuola Primaria Sant'Orsola,46.10824358,11.30166417,Scuola Primaria,Statale,Sant'Orsola Terme,POINT (11.30166417 46.10824358),0221682101,46,5
"Scuola Primaria ""Don L. Milani"" Pergine Valsugana",46.06503335,11.23944961,Scuola Primaria,Statale,Pergine Valsugana,POINT (11.23944961 46.06503335),0221392101,260,13
Scuola Primaria Canezza,46.07964247,11.27783759,Scuola Primaria,Statale,Pergine Valsugana,POINT (11.27783759 46.07964247),0221392103,92,5
"Scuola Secondaria Di Primo Grado ""T. Garbari"" Pergine Valsugana",46.06582397,11.23029603,Scuola Secondaria di Primo Grado,Statale,Pergine Valsugana,POINT (11.23029603 46.06582397),0221393002,436,19
"Scuola Primaria ""G. Rodari"" Pergine Valsugana",46.06235656,11.24152647,Scuola Primaria,Statale,Pergine Valsugana,POINT (11.24152647 46.06235656),0221392112,304,15
Scuola Primaria Susa',46.04941511,11.22280672,Scuola Primaria,Statale,Pergine Valsugana,POINT (11.22280672 46.04941511),0221392107,99,6
Scuola Primaria Madrano,46.08424902,11.21863971,Scuola Primaria,Statale,Pergine Valsugana,POINT (11.21863971 46.08424902),0221392104,93,6
Scuola Primaria Canale,46.04247281,11.22810745,Scuola Primaria,Statale,Pergine Valsugana,POINT (11.22810745 46.04247281),0221392102,112,7
Liceo Scientifico,46.06192091,11.24535512,Scuola Secondaria di Secondo Grado,Statale,Pergine Valsugana,POINT (11.24535512 46.06192091),0221397101,72,5
Liceo Delle Scienze Umane,46.06192091,11.24535512,Scuola Secondaria di Secondo Grado,Statale,Pergine Valsugana,POINT (11.24535512 46.06192091),0221397103,93,6
Liceo Delle Scienze Umane Opzione Economico Sociale,46.06192091,11.24535512,Scuola Secondaria di Secondo Grado,Statale,Pergine Valsugana,POINT (11.24535512 46.06192091),0221397104,111,6
Istituto Tecnico Per Il Settore Economico - Pergine,46.06192091,11.24535512,Scuola Secondaria di Secondo Grado,Statale,Pergine Valsugana,POINT (11.24535512 46.06192091),0221395403,93,6
Istituto Tecnico Per Il Settore Economico - Levico,46.01392308,11.29631354,Scuola Secondaria di Secondo Grado,Statale,Levico Terme,POINT (11.29631354 46.01392308),0221045401,70,4
Istituto Tecnico Per Il Settore Tecnologico,46.06192091,11.24535512,Scuola Secondaria di Secondo Grado,Statale,Pergine Valsugana,POINT (11.24535512 46.06192091),0221395207,187,15
Istituto Tecnico Per Il Settore Tecnologico Serale,46.06192091,11.24535512,Scuola Secondaria di Secondo Grado,Statale,Pergine Valsugana,POINT (11.24535512 46.06192091),0221395208,29,9
Liceo Linguistico,46.06192091,11.24535512,Scuola Secondaria di Secondo Grado,Statale,Pergine Valsugana,POINT (11.24535512 46.06192091),0221397105,103,5
Istituto Tecnico Per Il Settore Economico Serale,46.06192091,11.24535512,Scuola Secondaria di Secondo Grado,Statale,Pergine Valsugana,POINT (11.24535512 46.06192091),0221395404,82,8
Educazione Per Adulti Relativa Al Primo Ciclo,46.06192091,11.24535512,Educazione per adulti,Statale,Pergine Valsugana,POINT (11.24535512 46.06192091),0221399901,191,12
Scuola Primaria Zivignago,46.06628395,11.25344841,Scuola Primaria,Statale,Pergine Valsugana,POINT (11.25344841 46.06628395),0221392110,109,5
"Scuola Primaria ""N. Pernici"" Riva Del Garda",45.88793109,10.84739691,Scuola Primaria,Statale,Riva Del Garda,POINT (10.84739691 45.88793109),0221532101,296,14
Scuola Primaria Nago Torbole,45.87815933,10.89211121,Scuola Primaria,Statale,Nago-Torbole,POINT (10.89211121 45.87815933),0221242101,136,8
"Scuola Secondaria Di Primo Grado ""S. Sighele"" Riva Del Garda",45.89658882,10.84679498,Scuola Secondaria di Primo Grado,Statale,Riva Del Garda,POINT (10.84679498 45.89658882),0221533002,304,14
"Scuola Primaria ""A. Zadra"" Rione Degasperi Riva Del Garda",45.89219559,10.84968988,Scuola Primaria,Statale,Riva Del Garda,POINT (10.84968988 45.89219559),0221532106,226,14
